acc_x, acc_y, angular_z, stamp, 
-0.009038507938385010.00214928388595581058.480242885219577e-111791406055325244997
-0.0018783211708068848-0.00693869590759277348.019917752863947e-111791406055351749302
-0.0074096322059631350.025373280048370368.807895120005786e-111791406055380618988
-0.009210228919982910.012694478034973145-2.5453764145622876e-061791406055404035492
0.0141088962554931640.0088335871696472173.390525164097794e-111791406055431589583
-0.00563484430313110350.0031577348709106445-2.4507654599759046e-111791406055461984627
-0.0056318640708923340.006564497947692871-7.750828738629751e-111791406055490635250
0.005191683769226074-0.020545601844787598-7.401718471591616e-111791406055521908199
-0.00189411640167236330.004590034484863281-7.020096589166804e-111791406055551823659
-0.005436956882476807-0.000670313835144043-5.126922502729242e-111791406055580642698
0.005430340766906738-0.0077018141746521-2.474055072926787e-111791406055614178827
-0.0016689300537109375-0.00925523042678833-5.276713055873288e-121791406055643890081
-0.015902161598205566-0.0107691884040832525.13399708772612e-121791406055671654080
0.00569069385528564450.0162886977195739755.1300964018782025e-121791406055701707507
0.0146436095237731930.010783433914184572.8335272597091237e-121791406055724197163
-0.0123510360717773440.00701469182968139654.8551191479967405e-121791406055751826886
-0.008731067180633545-0.009319543838500977-5.704848597367811e-131791406055781696920
0.007444202899932861-0.02548116445541382-1.0489938037008246e-121791406055811711042
-0.015919804573059082-0.009277522563934326-1.6534033486643474e-121791406055841909813
-0.0033532977104187010.010555446147918701-3.765064574645944e-131791406055871785471
0.009167313575744629-0.0107642412185668955.237250597109895e-121791406055901767798
0.0037987232208251953-0.00147604942321777341.3969914401463873e-111791406055934122312
-0.00339609384536743160.0184983611106872561.9202832671421765e-111791406055963039150
-0.017668247222900390.0041878819465637211.4728333518797083e-111791406055991852937
0.0039204955101013180.029341936111450195-1.9789804402579764e-121791406056021793806
0.005829989910125732-0.015692412853240967-1.2736264749389114e-111791406056051818876
-0.0406799316406250.014743149280548096-3.0591926204811356e-111791406056081808203
0.031568527221679690.0108567476272583-4.588995776867476e-111791406056111828031
-0.0096036195755004880.033940553665161132.206308396074823e-121791406056140857731
0.01549619436264038-0.00229984521865844731.8702468260715973e-061791406056172728593
-0.0149630308151245120.0244553685188293468.790274593705452e-111791406056204335449
0.039073586463928220.0097448229789733891.9255317375624872e-101791406056230849472
-0.023639798164367676-0.0102331042289733892.272807553842196e-101791406056261861665
-0.0073464512825012210.0128789544105529791.9861588946690594e-061791406056291876442
0.02143961191177368-0.0053144693374633793.7250314731598247e-101791406056321915575
-0.014668822288513184-1.728534698486328e-053.408950921071533e-101791406056351922095
-0.0090425610542297360.0053277611732482913.6969115637036207e-101791406056382000672
0.0056305527687072750.0017076134681701664.3172621386356733e-101791406056413988005
0.04344153404235840.00350242853164672851.954945434804869e-061791406056444484529
0.0038216710090637207-0.019773304462432864.5589990702682157e-101791406056472072667
-0.012428522109985352-0.0212863087654113771.9789220194125094e-061791406056502197053
0.0181882977485656740.022244095802307131.743963979714599e-101791406056532064866
0.016238629817962646-0.0240930318832397465.616109915042502e-111791406056562095856
0.00153833627700805660.015828430652618408-3.7676204959044536e-111791406056592030476
-0.014973640441894531-0.01255178451538086-3.831795415517702e-111791406056622100649
-0.0328680276870727540.00034540891647338867-3.8474658114024273e-111791406056653697554
-0.0057625770568847660.004173099994659424-9.310750343628685e-111791406056684171122
0.033822059631347656-0.006477773189544678-1.484553255722618e-101791406056712117987
0.022944331169128418-0.008109807968139648-1.293072888251087e-101791406056742046941
-0.025668680667877197-0.02225625514984131-9.166564383345156e-111791406056772058473
0.007033884525299072-0.007769763469696045-1.7111251678104802e-101791406056802026242
0.043088197708129880.02634871006011963-2.604770504190697e-101791406056832061493
0.0034516453742980957-0.004270732402801514-2.193752892144129e-101791406056862081457
-0.007514834403991699-0.000657498836517334-1.2621266766031984e-101791406056894136321
-0.0127503871917724610.004849433898925781-1.3338507394224431e-101791406056925075416
0.00387293100357055660.028229057788848877-2.9014108945817906e-101791406056952188736
0.03278362751007080.0047388672828674321.990126024295192e-061791406056982134070
0.003949940204620361-0.0150232315063476561.9857464033969275e-061791406057012146385
-0.0445641279220581050.010164201259613037-2.494156205696133e-101791406057042131355
0.02745342254638672-0.0329551100730896-2.526152877927492e-101791406057072147122
0.0524851083755493160.0065847039222717285-2.5530278016754317e-101791406057102167289
-0.0016982555389404297-0.016774296760559082-1.583789764503291e-101791406057133746870
0.012554526329040527-0.032747864723205566-1.0650366972454129e-101791406057165585588
0.016176402568817140.010594069957733154-1.4411397978648194e-101791406057192268566
0.0215317606925964360.007053971290588379-1.2806847448548783e-101791406057222210430
0.035633206367492676-0.005435049533843994-6.632037254419827e-111791406057252211038
0.015452206134796143-0.016218423843383796.42762373596139e-111791406057282249285
-0.04397946596145630.0232664942741394041.4457156785167832e-101791406057312268312
0.00283634662628173830.019513547420501711.1402501621965526e-101791406057342275578
0.0350535511970520.0120053887367248546.5409643740242e-111791406057373846484
-0.01742643117904663-0.013524353504180908-1.8827799528089742e-061791406057405503051
-0.010394752025604248-0.037097692489624023.1110591346656636e-111791406057432345651
-0.021178364753723145-0.0012540221214294434-1.5645045421966458e-111791406057462263612
0.0236843824386596680.005799591541290283-1.5285762694628793e-111791406057485884693
0.00552135705947876-0.005270719528198242-9.577082804058352e-111791406057512409030
0.00160527229309082030.0034023523330688477-1.740455280379549e-101791406057542319050
-0.0202609896659851070.004999339580535889-3.191870847711511e-101791406057572348361
-0.0096471309661865230.00489431619644165-1.9886888386279086e-061791406057602326194
0.013539075851440430.00834357738494873-1.9823300997378166e-061791406057632401008
-0.0027996301651000977-0.00969022512435913-1.9887838662097843e-061791406057662379245
0.020388126373291016-0.002553284168243408-1.9036608278942893e-061791406057693698114
-0.0209646224975585940.0190393328666687-4.70241791981321e-101791406057726093435
0.0096512436866760250.018956899642944336-5.304805471586528e-101791406057752492076
-0.0084154605865478520.0026401281356811523-5.071439860235896e-101791406057782369773
0.02191084623336792-0.00830984115600586-5.671594674922868e-101791406057812432994
-0.01770240068435669-0.010158419609069824-6.497542574604765e-101791406057842405498
-0.0227208137512207030.022173583507537842-5.400747581435073e-101791406057872517735
0.022468566894531250.011310815811157227-4.135852345055981e-101791406057902471825
0.0045116543769836430.00041300058364868164-3.832218874111503e-101791406057933800348
-0.025930702686309814-0.030234992504119873-3.820503914399018e-101791406057964628498
-0.021852433681488037-0.0121917724609375-2.563248657700898e-101791406057992523641
0.0002683401107788086-0.00672125816345214841.9920311011729804e-061791406058022444544
-0.008454561233520508-0.0032292008399963386.953756894862466e-111791406058052502501
0.029297173023223877-0.022987365722656251.0758580575481365e-101791406058082466297
-0.01914083957672119-0.0120428204536437998.274464591159462e-111791406058112530455
0.0044618844985961910.0041850805282592771.1566716083314253e-101791406058142583316
0.0136309266090393070.0186586976051330571.1919894268251498e-101791406058174242333
0.0037505626678466797-0.0003681182861328125-0.0009143229992301321791406058205859266
0.007541954517364502-0.012512385845184326-0.00038085294795012951791406058231683481
1.0453573465347290.35868209600448610.052382034853212111791406058262548111
1.0090519189834595-0.00794595479965210.24905024911795931791406058292671703
1.1330564022064210.281766057014465330.282493011718876361791406058322528451
0.5128169655799866-0.21809995174407960.330075469040773341791406058351666579
0.56762087345123290.186435401439666750.345720005630477671791406058382585335
0.371022164821624760.46837162971496580.43811095265766561791406058413802111
0.72364455461502080.08012074232101440.50064560039154781791406058446010399
0.733184814453125-0.389657557010650630.67152092049397591791406058472765108
0.50550425052642820.448198676109313960.63966406283682791791406058502769485
0.35381186008453370.66819947957992550.72675396243712091791406058532818725
0.046333491802215576-0.13674783706665040.71762390323615161791406058562829071
-0.19891095161437988-0.409596681594848630.67055436903856721791406058592873504
0.1113889217376709-0.429196178913116460.67249009409753781791406058622809004
-0.0232201814651489260.232097685337066650.67071435349285421791406058654371749
-0.23273622989654540.77784359455108640.69529913731703731791406058686176662
-0.04418140649795532-0.083941221237182620.83267270945987181791406058712869593
0.09911078214645386-0.19901216030120850.71359184667310821791406058742770380
-0.14572983980178833-0.101671397686004640.70037820168494761791406058772837512
0.36692374944686890.46509969234466550.70028538528623421791406058802808324
0.040433943271636960.321230769157409670.69146857560624421791406058832870434
-0.2635519504547119-0.159597694873809810.70215065250444341791406058862861736
0.078624427318573-0.36448067426681520.69242516042622671791406058894098029
-0.085363328456878660.52918207645416260.62801942227934751791406058926527953
0.38042241334915160.43827122449874880.75053042497839071791406058952864787
-0.40102827548980713-0.412274241447448730.70604633908246511791406058982820434
0.3406652808189392-0.100502252578735350.74137640082345581791406059012943239
0.100474953651428220.27602010965347290.79244724059171211791406059042835158
0.66605567932128910.56366384029388430.74321766920277911791406059072883168
-0.12995767593383790.033961057662963870.70517930730591691791406059102875234
-0.3789130449295044-0.414123535156250.65998606469234071791406059134476314
0.269731640815734860.0302423238754272460.68961214577883781791406059165769090
0.224642693996429440.50987029075622560.77443048778126881791406059192989668
-0.28844851255416870.157394349575042720.68147008895969271791406059222905852
-0.2885456681251526-0.300351023674011230.69254112872066051791406059252897830
0.06344097852706909-0.0041217207908630370.72936206782751391791406059282884866
0.409402430057525630.44409394264221190.72758735941007121791406059312982811
0.32768654823303220.312213063240051270.70950736206834811791406059342947777
-0.31737208366394043-0.116922438144683840.66451493435439471791406059373957941
0.135811448097229-0.021301388740539550.66622972107265311791406059406047095
0.21496611833572388-0.0546976327896118160.8053533757328971791406059433055651
-0.093249559402465820.45169532299041750.69206725390313581791406059462976708
-0.442871749401092530.180394351482391360.71210421176773141791406059492048158
0.20337438583374023-0.110782802104949950.70093216254741911791406059522988891
-0.175583720207214360.28119039535522460.73377692331686511791406059552987666
-0.225497424602508540.033329844474792480.72320170248025861791406059582996949
-0.17620187997817993-0.201220631599426270.71013040485486051791406059612817463
0.254574358463287350.74781703948974610.61746523780175711791406059646326749
-0.19283735752105713-0.126958549022674560.80377303856890241791406059673079571
-0.19020378589630127-0.318926513195037840.71035445395836421791406059703058816
0.097773611545562740.407472729682922360.68391911944925621791406059733132319
0.129276037216186520.34450513124465940.71137670579488911791406059763056070
-0.54348337650299070.20010036230087280.70362110036141491791406059793129451
-0.2019919753074646-0.17207115888595580.71830312981403571791406059823130808
0.6124085187911987-0.308903455734252930.67894386667115521791406059853965009
-0.3599213957786560.51632660627365110.65445009427084971791406059886102952
-0.045143902301788330.58297610282897950.7964984887665571791406059913176650
-0.030148208141326904-0.23242551088333130.72322854246419921791406059943135592
0.03801804780960083-0.070145547389984130.69124584481289351791406059973135814
-0.1543947458267212-0.034088253974914550.70126245333557421791406060003219845
0.059739172458648680.199715077877044680.71319596558444641791406060033218223
0.123584747314453120.55085903406143190.70309339198249751791406060063222436
-0.0301727652549743650.22519862651824950.68642200554193421791406060094382641
0.02706080675125122-0.36462575197219850.64731164059298241791406060125971657
0.19413042068481445-0.123261868953704830.79491520455292181791406060153299063
-0.073933303356170650.473611414432525630.72547612824653241791406060183214493
-0.253189206123352050.75455451011657710.69669685992526161791406060213219144
0.08769005537033081-0.21026438474655150.73050240614763761791406060243236060
0.06305837631225586-0.24227035045623780.71168550402055011791406060273346480
-0.2505153417587280.201254546642303470.7108408606159241791406060303342606
-0.047250807285308840.102132976055145260.6971424566540361791406060334222110
-0.32458615303039550.18874466419219970.70155132790900691791406060365896135
0.079111695289611820.6272001862525940.80863976379651751791406060393388105
-0.030299901962280273-0.46569901704788210.72430409423609651791406060423301981
0.17526507377624512-0.193339943885803220.67950040743039961791406060453366514
-0.356366455554962160.35857158899307250.68949545158627521791406060483297374
0.0093135237693786620.33695137500762940.71820546459684091791406060513339887
0.185422480106353760.45727270841598510.70338650767729491791406060543384535
-0.090000092983245850.0393127799034118650.69162495296681931791406060574029140
0.002457261085510254-0.59197419881820680.65130791457822121791406060606349347
0.039950251579284670.099427580833435060.79187450041448221791406060633529976
0.09167492389678955-0.30321460962295530.74525151402746711791406060663689805
0.062750577926635740.65252757072448730.70634307317368821791406060693532542
-0.54357123374938960.314679920673370360.70747003865180551791406060723562589
0.388160943984985350.26240611076354980.72357174991313841791406060753513831
-0.0112336277961730960.020890951156616210.70835367605530521791406060783400336
-0.1992626190185547-0.36342442035675050.7130388933431641791406060814032874
0.0301890969276428220.069592297077178960.64257327841045921791406060845950365
-0.052499890327453610.308042585849761960.73733457905316421791406060873542326
0.103354096412658690.335627555847167970.72418048684540861791406060903477193
0.022431075572967530.31451463699340820.69059918717120151791406060933513970
0.2424338459968567-0.59793341159820560.69330548334110831791406060963533557
-0.076612532138824460.217844486236572270.68662440621390411791406060993545075
0.37932795286178590.44256371259689330.68482161869683291791406061023546943
-0.261816918849945070.261481523513793950.68637424890161791791406061054322013
-0.086504042148590090.31542968750.65251931752860291791406061086176347
0.32646900415420530.238545536994934080.80715715066620991791406061112616607
-0.40757519006729126-0.55764591693878170.71715484428627641791406061143556878
0.0031286478042602540.0469808578491210940.7327027224489681791406061173541586
0.160262167453765870.16456794738769530.69837537127149381791406061203578337
0.197299182415008540.48177111148834230.70096512291295621791406061233591954
0.120357394218444820.30766558647155760.70595722066862991791406061263835746
-0.154639959335327150.359240710735321040.68704567772049961791406061294108186
-0.06148862838745117-0.51623606681823730.64802535872596061791406061325953337
0.10843688249588013-0.33501517772674560.73455651872573961791406061353730063
-0.31869888305664060.70604240894317630.69992739813424141791406061383656500
0.256073355674743650.59519827365875240.77056732462234311791406061412623869
-0.0017637610435485840.26448905467987060.70057902967996191791406061442637298
0.2875785827636719-0.141241848468780520.697862951038631791406061473660658
-0.05598008632659912-0.43847727775573730.72669413316385311791406061503661293
-0.105035126209259030.0116457343101501460.67096423853551411791406061534147046
0.28587973117828370.232592582702636720.6533900968890111791406061566563461
-0.461098253726959230.32896256446838380.78719058421610841791406061593817035
0.30697560310363770.320529401302337650.72463473749977341791406061623738234
-0.26787412166595460.14034086465835570.69788772615567411791406061653738929
0.2467421293258667-0.290295183658599850.70280683703935881791406061683747756
-0.4781420826911926-0.06320166587829590.7174916374282621791406061713789439
0.211496949195861820.262880504131317140.68175991350356261791406061743739761
0.52440595626831050.20372229814529420.69544325014797451791406061774319605
-0.469269156455993650.383629560470581050.65737592633776331791406061805893370
0.386826694011688230.47019743919372560.66951785259954671791406061837006713
-0.52629917860031130.64329504966735840.797887404083221791406061873812777
0.15534585714340210.161296904087066650.72965916062123131791406061903812217
-0.15191727876663208-0.133786916732788090.70868879584692311791406061934107317
0.05733513832092285-0.25686603784561160.68553006658437721791406061966054595
-0.1269439458847046-0.073668062686920170.74518797956747071791406061995972788
0.13162785768508910.314238905906677250.72748783184997891791406062023860857
0.216835498809814450.3856429457664490.6738954279842681791406062053856784
-0.054638743400573730.2824518680572510.72060860763050231791406062083849456
-0.29616200923919680.107687234878540040.71883670407868921791406062113864310
0.3080322742462158-0.29172116518020630.69631770612277241791406062143949365
-0.32233870029449463-0.092474937438964840.68861129951360241791406062174162748
0.35374730825424194-0.0087931156158447270.69538176884497251791406062206338116
-0.16312301158905030.341470539569854740.7242227656998371791406062235983481
0.153246581554412840.51459395885467530.72512829677996621791406062263943622
-0.0273218154907226560.12829226255416870.6984736121434131791406062293964444
0.054169893264770510.296160161495208740.73552980183044271791406062323956911
-0.2971991300582886-0.242037296295166020.71696191512754351791406062353945927
-0.5889667868614197-0.331207633018493650.6823844001976741791406062384251840
0.47999817132949830.073226749897003170.70746488241547061791406062414032657
-0.120313346385955810.394692957401275630.66616764317715251791406062445963737
0.276230514049530030.44703137874603270.68584954450641791406062476054198
-0.58480948209762570.102990508079528810.7063907428731761791406062514018022
0.272813916206359860.5609200000762940.70023721904059371791406062544098778
-0.070776164531707760.377236604690551760.72621191521947271791406062574308168
0.17596167325973510.080496132373809810.66132189403928531791406062605980934
-0.0059121251106262210.041164219379425050.68079740107023751791406062636710119
-0.18544638156890870.496041297912597660.77725974462877881791406062674071796
0.151952743530273440.244933545589447020.73612629226877571791406062704178531
-0.2522285580635071-0.221854925155639650.68297374245789281791406062734172299
-0.14095473289489746-0.476370334625244140.65094508573309421791406062765027550
-0.1831340193748474-0.099328517913818360.66320677022876471791406062796341410
0.31404262781143190.034937441349029540.7942319921872021791406062824304671
-0.5679786205291748-0.0144283771514892580.75258319644463271791406062853186953
0.3794819116592407-0.14984786510467530.67772020645388791791406062884141274
-0.0283821821212768550.50527596473693850.70179796196982841791406062914133608
0.372636914253234860.73281449079513550.69417805381880461791406062944268494
-0.4210781455039978-0.0091125369071960450.70534641541838541791406062974585154
-0.1716747283935547-0.132560253143310550.68049467586311871791406063005970505
0.052720963954925540.0263615250587463380.72818342274576241791406063035379937
-0.5487397313117981-0.066695809364318850.7409510351848721791406063063278358
0.37189525365829470.042368054389953610.69601848889042081791406063094249936
-0.44597589969635010.168761909008026120.71541090396024441791406063124267247
0.2993028759956360.047954082489013670.70715558189932481791406063154240939
-0.244765579700469970.488101661205291750.68190597606460411791406063184271457
0.346215248107910160.26578480005264280.67606149622170741791406063214283939
-0.17356777191162110.297946631908416750.6673958641296271791406063246388083
0.149783849716186520.20213633775711060.7112660866151261791406063276804774
-0.27591317892074585-0.197032332420349120.78324328589422071791406063304303029
-0.09631907939910889-0.428193509578704830.70814374051502051791406063334266864
-0.23383557796478271-0.24734228849411010.72142420840751791791406063364262118
0.1487538218498230.50300055742263790.69062017646809651791406063394323704
0.33909362554550170.35875982046127320.70101035440672331791406063424387644
-0.067956149578094480.2594439983367920.71517347811248191791406063454377567
-0.116151630878448490.295633137226104740.68446483375731681791406063486684898
-0.302463710308074950.16205853223800660.74090789036544171791406063516812919
0.6166028976440430.11111837625503540.77977982669966931791406063544453456
0.09732991456985474-0.372828245162963870.71128995275002671791406063574389535
-0.381482958793640140.0362540483474731450.66951046735397271791406063604378407
0.17612469196319580.156274497509002690.65274468435648951791406063634410889
0.000126063823699951170.164721965789794920.68079781376719271791406063664421118
-0.048599779605865480.009420752525329590.71072111459186591791406063695070454
0.114775538444519040.65466129779815670.722042539245571791406063726110169
0.28227692842483520.235153794288635250.6970853403225371791406063757489546
-0.200633108615875240.18216162919998170.7770464319870191791406063784549212
-0.271369159221649170.159986615180969240.69944738756719241791406063814458891
0.0436362028121948240.254375994205474850.66169890159118321791406063844502177
-0.07057249546051025-0.060440361499786380.67082597099985331791406063874506496
-0.14141219854354858-0.52153885364532470.7234479464376121791406063904497184
0.18004375696182250.42063176631927490.74285641964635121791406063934573246
-0.230301797389984130.076531767845153810.66273569892821121791406063966308646
-0.026625335216522217-0.203739881515502930.66394467550577541791406063997857002
0.044577360153198240.480122745037078860.82659152291509251791406064023616425
0.16453504562377930.7540965080261230.66466387756919421791406064054553187
-0.180407464504241940.386189699172973630.68570304963375781791406064084588819
-0.30712538957595825-0.058477878570556640.71574582974851851791406064114562263
0.24578493833541870.178113579750061040.75952035599957331791406064144597245
-0.0259119868278503420.337252557277679440.76480741371103991791406064173608529
-0.13124144077301025-0.333973407745361330.68631641825131061791406064206040099
-0.6294149160385132-0.325496971607208250.66994030350098371791406064237943353
-0.202422499656677250.30030030012130740.79093618898164431791406064273641802
-0.3098487854003906-0.133904874324798580.70512985208728351791406064303652373
0.011875331401824951-0.232191741466522220.70786755043051551791406064334708538
-0.27897578477859497-0.150456309318542480.69262231785914531791406064366251990
0.191739916801452640.168270885944366460.67740639138642231791406064397960835
-0.215950787067413330.298931956291198730.78261433609785221791406064424760102
0.22320485115051270.067729711532592770.70531601428065121791406064454692122
-0.402001440525054930.49844741821289060.67751519889886591791406064484720777
0.54185706377029420.232100546360015870.70631544696205131791406064514715707
-0.248248815536499020.293416678905487060.7224896991890221791406064544733725
-0.18608045578002930.420651078224182130.73797068104897991791406064574750644
0.19135075807571410.44547379016876220.65784799968556721791406064606117225
0.30177378654479980.137832999229431150.65495027006726161791406064638394385
-0.43293124437332153-0.099944949150085450.80079637834247311791406064664785060
-0.1842428445816040.078356921672821040.70365267666838151791406064694810775
-0.438311934471130370.0386099815368652340.69969325923017841791406064724809812
0.0015439391136169434-0.259835720062255860.74621798994570751791406064754823326
-0.046250104904174805-0.102000713348388670.76190606895801771791406064784827330
0.11867076158523560.269098818302154540.74609268662407351791406064815031065
-0.14089769124984740.247573316097259520.69828374322810731791406064846068033
0.29819655418395996-0.095768153667449950.6830392850071651791406064878022477
-0.407627582550048830.242823004722595210.78103615240107771791406064905590455
0.44385069608688354-0.058629274368286130.69845153438309961791406064934979168
-0.218265175819396970.098620772361755370.69562175278892151791406064965052449
0.189194560050964360.047892808914184570.72377739512050331791406064995164196
-0.386511802673339840.56765002012252810.71137723744996731791406065024925099
0.34660273790359497-0.0090865492820739750.69089081149423351791406065054897170
0.215379893779754640.281865298748016360.67110494604573071791406065086536897
-0.163112163543701170.201972901821136470.67179276541366021791406065118265921
-0.356965184211730960.188709020614624020.80040052801346411791406065144936329
0.55799221992492680.491879582405090330.73288755484925631791406065174957893
-0.12422567605972290.42977464199066160.74021148734452241791406065204912577
0.23817372322082520.079789638519287110.72347725737748481791406065234980214
-0.444615304470062260.256371319293975830.68889749227967511791406065265066047
0.16728669404983520.130955874919891360.69711994501959021791406065295067058
-0.290548264980316160.070650815963745120.68731833204795321791406065326218245
0.20760273933410645-0.104535400867462160.68425644166970551791406065358005871
-0.362867474555969240.126177549362182620.77316071279662371791406065385083656
0.20828282833099365-0.06399220228195190.72021222807950311791406065415004600
-0.172121942043304440.19666254520416260.70566362373382171791406065444998283
-0.10120719671249390.052595376968383790.725620123311351791406065475040956
-0.20983284711837769-0.121067285537719730.71584717557042711791406065505092643
0.157642126083374020.18048506975173950.7357794033035161791406065535093803
-0.0211857557296752930.410508990287780760.69534698284973881791406065566340413
-0.37279576063156130.032527744770050050.69054732618817561791406065597639449
-0.202070593833923340.132114291191101070.77317859693165581791406065625221345
0.62795054912567140.483317136764526370.67772669326075311791406065655120550
-0.5738549232482910.0275164246559143070.64918536915489761791406065685121390
0.145307600498199460.16621667146682740.69776198990497781791406065715118140
0.172844409942626950.71934652328491210.7091472148252741791406065745137350
0.166635870933532710.183527588844299320.67983109003171061791406065775220184
-0.043241202831268310.091108918190002440.66718142303573761791406065806281095
-0.36813813447952270.037060618400573730.6611214849309021791406065838417309
0.50160634517669680.354113459587097170.76867489420668371791406065865208970
-0.44893872737884520.104628682136535640.68144064433532071791406065895206054
-0.21052908897399902-0.240362823009490970.69574481568729321791406065925305462
-0.15680921077728271-0.043057322502136230.70863879471015371791406065955232667
0.124042928218841550.0422462224960327150.68444586641611731791406065985244409
-0.39472234249114990.200515925884246830.67794000368256071791406066015277901
-0.20563817024230957-0.161130785942077640.65316743188633121791406066046800647
-0.109505891799926760.171592473983764650.64600406323256751791406066078078942
0.351816177368164060.0107612609863281250.78318058264609951791406066105287416
-0.26142936944961550.42571759223937990.72670684650938331791406066135263302
-0.097494125366210940.0882844328880310.72851175729890521791406066165332460
0.14434087276458740.52456384897232060.68110635954895251791406066195312642
0.14568763971328735-0.061264812946319580.71119019528379621791406066225343191
-0.58913481235504150.47417801618576050.71819136404166831791406066255460536
0.09370762109756470.59940224885940550.70228632925789811791406066286121248
-0.059534907341003420.027280926704406740.66660471418290691791406066318031213
0.181442081928253170.241869807243347170.7419548155110061791406066345372068
0.197073221206665040.62502396106719970.69475082618125931791406066374370216
0.09756034612655640.306819736957550050.64234156874398011791406066405312645
0.153703808784484860.29273092746734620.68965254789376081791406066434393826
-0.62474060058593750.454409480094909670.68388234214502521791406066464413011
0.60264635086059570.25263667106628420.68224988795811111791406066495482273
-0.44235742092132570.211731493473052980.69726707752219761791406066526135006
-0.312936604022979740.187322318553924560.68871401732710721791406066558538541
-0.40947341918945310.54587578773498540.81964020535189091791406066585557497
-0.09825408458709717-0.0176061391830444340.69995890167336521791406066615505004
-0.6252714395523071-0.211270928382873540.67500954507408631791406066645463089
-0.374826729297637940.088956773281097410.68034030019551521791406066675562462
0.222330152988433840.169831871986389160.69124723868888371791406066705418114
-0.417474567890167240.0486679673194885250.6956070137728981791406066735547022
0.3813636898994446-0.37013345956802370.69810311028007741791406066766291248
0.219748735427856450.41460531949996950.66381151188933731791406066798153609
0.2775360941886902-0.203259587287902830.7867544708846581791406066825590357
-0.34035706520080566-0.4046853780746460.79688316069997881791406066854645552
0.438110709190368650.124755978584289550.76473629057014231791406066884615140
-0.07002007961273193-0.110920786857604980.68341246243817311791406066914609138
0.038352906703948975-0.033400177955627440.64652414205672121791406066945582079
-0.10407024621963501-0.20207142829895020.65019742583705591791406066975715981
-0.0660734772682190.176598370075225830.6379102669470511791406067006522284
0.434110522270202640.27691435813903810.68363568198921041791406067038088597
-0.3956705331802368-0.169549226760864260.82122181758250961791406067065665038
0.333541214466094970.329871594905853270.75084370503508021791406067094608313
-0.163257360458374020.177733719348907470.65839215777130081791406067124611742
0.013216137886047363-0.36500161886215210.66192464208831941791406067154638113
-0.30273896455764770.385418534278869630.68481748729380491791406067184641337
0.10383611917495728-0.109484016895294190.69481929384479891791406067215692780
-0.02655315399169922-0.080798506736755370.74664921400041251791406067246195992
-0.17676800489425660.239309012889862060.7045785893446741791406067278475429
0.5545406341552734-0.165813982486724850.76336436418417081791406067305656165
-0.089970529079437260.0443635582923889160.64322948363672691791406067335827919
-0.0918474793434143-0.14142036437988280.66846821995422321791406067365712164
0.06313675642013550.190441966056823730.7326655487184341791406067395698823
0.46287190914154050.330366909503936770.7124639166083661791406067425711577
0.3860608935356140.201786160469055180.70763407765314211791406067455741180
0.000237643718719482420.228352069854736330.69345272142806321791406067486300560
-0.498748242855072-0.335006833076477050.61720336130142021791406067518501934
-0.485684275627136230.26013451814651490.74318535016035441791406067545805008
0.59036958217620850.195592582225799560.74807617707828221791406067575771939
-0.5963066220283508-0.040266871452331540.73636551926161311791406067605759990
0.0340780019760131840.42912071943283080.70181740560638631791406067635795197
-0.3188714385032654-0.29191780090332030.65537998477631251791406067665836420
-0.03460717201232910.399280011653900150.65982527282547371791406067695854298
0.29977303743362427-0.098319590091705320.69504018645900371791406067726884448
-0.414102315902709960.087497115135192870.70958091012781481791406067758125974
0.15587139129638672-0.00080412626266479490.78439274876001571791406067786019115
-0.0595318078994751-0.259192645549774170.68298914969309281791406067816103202
0.48459810018539430.38804531097412110.71461855341457581791406067845891077
-0.29133570194244385-0.181408405303955080.71317565221517391791406067875898338
0.145934641361236570.0495485663414001460.73986795740461361791406067905894014
0.014815628528594970.203477561473846440.7538722596440811791406067935935005
-0.02715390920639038-0.213131785392761230.68442670069173631791406067967186590
0.384812057018280030.435368239879608150.65751484074715441791406067998136997
-0.1559312343597412-0.132717370986938480.7282326816397641791406068026006834
0.117934584617614750.076230585575103760.68969839661978191791406068055930148
-0.40328991413116455-0.151435196399688720.66564453892059581791406068085989234
0.1464010477066040.187871098518371580.70286274527770181791406068115950127
-0.0369229912757873540.64317762851715090.72210874364874341791406068146686717
-0.08594840764999390.122528135776519780.73095134359341531791406068175984931
-0.027079880237579346-0.205611407756805420.66178800746525691791406068206718418
-0.114010393619537350.59548878669738770.63436706028137141791406068238478528
-0.42650222778320310.133863747119903560.78303772558418641791406068266011971
0.38285022974014280.489558219909667970.70029920596259091791406068296744289
-0.40909594297409060.40160328149795530.68218078977236141791406068326701130
0.07896244525909424-0.06814986467361450.69173454164713531791406068356756811
-0.51109790802001950.68826580047607420.70088903490881421791406068386705770
0.00169652700424194340.32435899972915650.69212142254985721791406068416754059
-0.057034194469451904-0.052561700344085690.71835263872542421791406068446772925
-0.042389333248138430.71245896816253660.70881888761115941791406068477602226
0.25803214311599730.148986220359802250.76901822535172081791406068506101557
-0.102229893207550050.53048008680343630.67777277513706981791406068536716764
-0.223084390163421630.39994668960571290.66558430428019911791406068566722768
0.036921441555023190.2937452197074890.67697108350622661791406068596695244
-0.035670518875122070.111933171749114990.71369955415785391791406068626741843
-0.240131497383117680.481603324413299560.70271094357563681791406068656783363
0.211371362209320070.42646592855453490.68452018961044381791406068686807207
-0.013664901256561280.40143519639968870.68284206158171711791406068718373816
0.222108185291290280.0198711156845092770.72254519573035311791406068748270440
-0.33601766824722290.424154937267303470.73793097478736611791406068776778215
0.0488549470901489260.187931895256042480.72616194104726931791406068806754430
-0.02960282564163208-0.208514690399169920.74930499587168461791406068836836667
-0.046403944492340090.66746360063552860.70199685485916751791406068866804249
0.006920754909515381-0.49000698328018190.66069006925369381791406068896863342
-0.24030882120132446-0.0268262028694152830.69639548052572291791406068926929802
0.30360287427902220.40203350782394410.68859302487260951791406068958506561
-0.08829104900360107-0.198748052120208740.7125442323906451791406068988232425
0.5517994761466980.07799589633941650.75938399605778111791406069016946490
-0.20893698930740356-0.138627469539642330.69585080811050961791406069046881335
0.0102475881576538090.176944673061370850.67220447422597861791406069077013288
-0.110382676124572750.430296719074249270.75420563715705391791406069106982002
-0.139246702194213870.39708817005157470.77346276967802641791406069136973564
-0.091263175010681150.57456642389297490.70843675992516861791406069166994320
0.08806848526000977-0.0530905723571777340.6615393867251431791406069198342962
-0.368957638740539550.305967450141906740.71050123686140831791406069228308660
-0.23344612121582030.55367553234100340.71765488140552811791406069256865340
0.030696153640747070.232793092727661130.68173979717849611791406069286891233
0.049744784832000730.134816527366638180.68720388665478371791406069316892441
0.231078505516052250.276791155338287350.67252989534279631791406069346862803
-0.16135144233703613-0.0574929714202880860.69436808484007451791406069376952544
-0.18409931659698486-0.27580630779266360.71693224215366851791406069406935789
0.177702844142913820.56808316707611080.67305875438765461791406069438697191
-0.07135558128356934-0.297899365425109860.75066978105898971791406069468019974
0.149460017681121830.165537893772125240.76596714674088921791406069496898880
-0.089810192584991460.167276978492736820.69457624286169631791406069526894446
-0.12330681085586548-0.021496653556823730.68292431772087751791406069556885118
0.16139054298400880.19024103879928590.6886509101670851791406069586915665
-0.24694603681564330.096895635128021240.70857459361773181791406069616982651
0.049241900444030760.173128306865692140.71630134224169741791406069646967562
0.24301725625991820.43032103776931760.65773993069648711791406069678253094
-0.10182648897171020.316004753112792970.70657594846883161791406069709033417
0.277720928192138670.54092490673065190.77720447503297271791406069736982062
0.12914007902145386-0.130397081375122070.67502274522837041791406069766920320
-0.321647107601165770.46780806779861450.72880036369020021791406069796868337
0.132810950279235840.5230009555816650.71850498772335171791406069826920530
-0.3694263696670532-0.110373675823211670.6785428723071151791406069857029147
0.28328156471252440.325914800167083740.70195320065019431791406069886958368
0.0064268708229064940.264606177806854250.67240841165545961791406069918238390
-0.3384174704551697-0.27163064479827880.67466334766778291791406069949411987
0.3465723395347595-0.034475266933441160.77773584026023151791406069976895792
-0.165583610534667970.40619796514511110.69253332107231591791406070006948385
-0.27308064699172974-0.134274303913116460.72467530590713031791406070036910769
0.2794994115829468-0.09413510560989380.73990345962384661791406070067001453
0.047278702259063720.5896505713462830.75732044486161761791406070096932713
0.39868968725204470.188905835151672360.70672400546798281791406070127039943
-0.154999792575836180.020241796970367430.63876689930275771791406070158267110
-0.2958538532257080.334309339523315430.66652937686802671791406070189528114
0.242774188518524170.25507348775863650.79057363080427111791406070216968709
-0.028410434722900390.1828061342239380.72593199349866471791406070246971177
-0.36294162273406980.40714126825332640.68192473775527711791406070277044501
0.31163895130157470.242355167865753170.68346998270866951791406070307018721
-0.30025404691696167-0.075422406196594240.69443901923788521791406070337004204
0.040075004100799560.097746551036834720.71584334679054281791406070367020227
0.14618355035781860.38413280248641970.68581659794678471791406070398866875
0.004840850830078125-0.012210011482238770.68926663941287761791406070429358952
-0.105272889137268070.098982274532318120.76071562352038681791406070456973501
-0.0596303939819335940.157495915889740.66604789838880211791406070487122269
-0.247801423072814940.243032395839691160.69840107502765951791406070516989786
-0.0469487905502319340.225429534912109380.71996883783883311791406070547118074
0.317707777023315430.437434673309326170.70517493190841041791406070577084694
-0.408323407173156740.27645003795623780.69722875069898171791406070607083489
-0.075960516929626460.344309866428375240.66384308393700251791406070638786845
-0.127538323402404790.174476683139801030.68585388048786911791406070670095146
-0.13790506124496460.069244265556335450.8076490207539161791406070697084064
-0.188610613346099850.233947336673736570.7388382643782311791406070727044110
0.4475706219673157-0.136834204196929930.67761728650964571791406070757106499
-0.44811213016510010.316826820373535160.65465890723066061791406070787098977
-0.27881979942321780.039037704467773440.67503932802691091791406070817143365
0.1844812035560608-0.066774606704711910.71655525336014751791406070847178678
0.195002555847167970.25023305416107180.65694845604319841791406070878461981
0.130008399486541750.40274381637573240.6405077260468041791406070910859425
-0.09008210897445679-0.205152571201324460.78885673962935081791406070937090699
-0.094229698181152340.498044550418853760.68211354309850131791406070967098600
0.34139651060104370.37727671861648560.73033321625051311791406070997224565
-0.061904489994049070.0548790693283081050.72792702388737721791406071027158518
-0.402196645736694340.148536443710327150.70620679034293271791406071057202880
0.6066620349884033-0.032320201396942140.68531109224795171791406071087199804
-0.62693727016448970.32667255401611330.66325982592971071791406071118297359
0.21465778350830078-0.167994856834411620.63023218849650261791406071150413517
-0.072115600109100340.131146073341369630.81884599036293261791406071176603951
0.46384751796722410.79754185676574710.6774020348957681791406071207484777
-0.71409118175506590.27349877357482910.67797458420665091791406071237339727
0.2806031107902527-0.111585915088653560.68717675970564141791406071267217815
-0.240680456161499020.23849415779113770.70274891362440741791406071297279234
0.100161075592041020.386439561843872070.68842763506596071791406071327388945
-0.6007232666015625-0.144095897674560550.64215958962904341791406071358927403
0.27410972118377686-0.123933911323547360.64605271699939181791406071390410010
0.115126967430114750.309461891651153560.7117719362099811791406071417336162
-0.57232385873794560.151254653930664060.68249146926236461791406071447195714
0.18628191947937012-0.09015327692031860.68428490149957831791406071477254486
-0.437562108039855960.35057723522186280.70265118019767571791406071507235107
0.59615486860275270.95991337299346920.68836315668884851791406071537248540
-0.11778420209884644-0.5142657756805420.69966141285848791791406071567280873
-0.3135417103767395-0.292096674442291260.6823315283492441791406071598342675
0.090653300285339361.00231969356536870.68019678385846161791406071630314755
0.5541948080062866-0.05144852399826050.77558897489784821791406071657383699
-0.09499895572662354-0.50709843635559080.66440495774222911791406071687253974
0.0579779148101806640.54801589250564580.66597809153592671791406071717239657
0.276403009891510.0059782266616821290.70765490540328461791406071747222219
0.07314825057983398-0.007981002330780030.65638009047545851791406071777295259
0.40530365705490110.96470266580581670.67706025395168591791406071807346639
-0.07484531402587890.068001687526702880.63230228985091271791406071838789457
-0.16139119863510132-0.6398145556449890.62345884377085671791406071871265724
0.13476902246475221.11278855800628660.81540052537569191791406071897380031
-0.060509562492370605-0.141881167888641360.71976292431319231791406071927295653
-0.1510104537010193-0.45122009515762330.64588991519803351791406071957277040
0.0335084795951843260.69181233644485470.64080824736221851791406071987261282
-0.17621374130249023-0.0282778143882751460.66315590796039981791406072017341333
0.4616411328315735-0.293275952339172360.67859682360355791791406072047323813
-0.09119814634323121.00130259990692140.64577922418347971791406072078349984
0.2923824191093445-0.0302983522415161130.63818310024202051791406072110361915
-0.1917138695716858-0.28052508831024170.72309102390381331791406072137457842
-0.127386033535003660.7803190946578980.69009910306093081791406072167330296
-0.39045673608779910.52247065305709840.71471601637151041791406072197354212
-0.08415162563323975-0.95686578750610350.65587720468430641791406072227339391
0.012358844280242920.70369666814804080.61883382094654121791406072257379109
-0.22986781597137450.59007161855697630.63761809025113391791406072287420751
0.28129488229751587-0.64752006530761720.63026686728410091791406072319097316
-0.156747400760650630.210778713226318360.64815718621854011791406072349644967
0.081244170665740970.80416315793991090.69889422998903941791406072377489218
0.2034010887145996-0.185295820236206050.64552678601044721791406072407468487
-0.054642558097839355-0.165423095226287840.66482221316692241791406072437492710
-0.388645350933074950.6836659312248230.68343676948185061791406072467469763
0.066522121429443360.75863808393478390.68444663699621031791406072497512261
-0.03862166404724121-0.87207174301147460.68261152149403211791406072527488712
-0.3110322356224060.61404430866241460.63818930789010331791406072558449551
0.133337497711181640.63743269443511960.59644672938109561791406072590376838
-0.16897052526474-0.53430116176605220.72801400365080481791406072617544768
0.082351565361022951.03031969070434570.61037396475139771791406072638847163
0.29681491851806640.059405148029327390.58814975176026461791406072670544089
-0.24665701389312744-1.01435184478759770.71983936763391221791406072696617392
-0.202159285545349120.54415398836135860.62843885823737921791406072727547106
0.352294087409973140.92422652244567870.69042044847615281791406072756602668
-0.007245361804962158-0.47895038127899170.64470499181750611791406072787561902
-0.141711711883544920.33636915683746340.6766943832445621791406072816609468
0.0351623892784118651.1687632799148560.6020227004228081791406072847658400
-0.6668035984039307-0.52853542566299440.60469203858771211791406072878665942
0.20862114429473877-0.139934122562408450.62935775352337321791406072910414131
-0.45573645830154420.68330097198486330.74363619081792681791406072937660776
0.27378326654434204-0.234250843524932860.64014774288827711791406072966609596
-0.25841253995895386-0.29320824146270750.60403052138685911791406072997679593
-0.087761402130126950.54246652126312260.65917931863051631791406073027666199
0.41316753625869750.49332201480865480.64013581835482271791406073057680934
-0.568307101726532-0.117903351783752440.65623225298028981791406073087731996
0.58449596166610720.134188830852508540.63326178543441511791406073118434526
-0.58503860235214230.485966444015502930.57491872660333531791406073150991602
0.78429782390594480.35147821903228760.71360517073637791791406073177716725
-0.13274872303009033-0.5298408865928650.64703679658701711791406073207790904
-0.412552237510681150.298733294010162350.60912996261035331791406073237811576
-0.034560859203338620.63075983524322510.62764462104874061791406073267793434
0.214402794837951661.05083799362182620.64005636127050261791406073297948898
0.29082000255584717-0.118181765079498290.64579928667367851791406073327849012
-0.6373573541641235-0.372393488883972170.63799136016548871791406073358552234
0.33390855789184571.2297244071960450.60476223205128681791406073390351716
-0.5886908173561096-0.292766153812408450.67452581574047041791406073417896121
0.5389144420623779-0.86443173885345460.64159778816824191791406073447767783
-0.18718463182449340.79935073852539060.65476107099120651791406073477798890
0.68867099285125730.943277120590210.6061793928606081791406073507797687
-0.2800452709197998-0.87588822841644290.59240724395137971791406073537838060
0.349301636219024660.56044173240661620.60422535672585581791406073567862239
-0.296056509017944340.43371409177780150.61712733218154921791406073598937215
-0.039850950241088870.272994101047515870.5810009000716461791406073630908357
0.3518904447555542-0.0564592480659484860.66163944570364991791406073657973849
-0.498882591724395750.088645994663238530.60819079597783071791406073687892600
-0.23307824134826660.239893019199371340.62316546945193051791406073717914281
0.42223817110061646-0.027435839176177980.60892015770104961791406073747927301
0.31483584642410280.065524280071258540.57687236875008371791406073778230192
-0.19921493530273438-0.17582947015762330.59761229412766881791406073807946270
-0.124248504638671880.79167556762695310.57526866154546731791406073838492993
-0.234573721885681150.415865361690521240.59407241940226451791406073870497193
0.5405787825584412-0.195641517639160160.69466038094155591791406073907962840
-0.2226858139038086-0.30840659141540530.59261520974767291791406073938021600
-0.199304819107055660.76180058717727660.5821644936148821791406073968334668
0.0095486640930175780.28777295351028440.6122469624429031791406073998854804
0.13042497634887695-0.25625967979431150.57071234035807111791406074030592390
0.035566210746765140.55476284027099610.63774922098258151791406074058068354
-0.46939820051193240.459425032138824460.5816689851945381791406074088032115
0.248240351676940920.286975085735321040.56935265910738721791406074118014503
0.08833009004592896-0.454726099967956540.61835119404659931791406074148026097
-0.10899537801742554-0.046991646289825440.62285317729242181791406074178011358
-0.17020380496978760.98409658670425420.58470940303246291791406074208040063
-0.24413967132568360.140550851821899410.57138328483759031791406074238875318
0.10843992233276367-0.33999538421630860.61043485301973071791406074270443706
-0.100119888782501220.429609179496765140.65989921148859861791406074298190403
0.223977148532867431.07949900627136230.57363446993284961791406074328117266
-0.42074495553970337-0.25266736745834350.58152460032236991791406074358115244
-0.01767861843109131-0.403120160102844240.59690906579574131791406074388132786
-0.27767241001129150.70758765935897830.58971974167465891791406074418111184
0.36615991592407227-0.231437623500823970.57440562302952881791406074448173162
0.06114095449447632-0.145192027091979980.54783263081947291791406074478438231
-0.23486810922622680.13024783134460450.52781843483334721791406074510747520
0.00587153434753418-0.08732509613037110.67023136002297281791406074538231856
0.429776966571807860.90694820880889890.59253052650810321791406074568184539
0.106851279735565190.309093058109283450.55337559511565591791406074598215244
-0.45294713973999023-0.33994746208190920.5533996987344081791406074628320648
0.081752836704254150.57682818174362180.59385385157559381791406074658206071
-0.30288577079772950.249188661575317380.59828210719462461791406074688280975
-0.2395535111427307-0.291011095046997070.57850563952160551791406074718573797
0.12312537431716919-0.087450265884399410.53263211339200031791406074750909413
-0.372408747673034670.3117957115173340.637744268645221791406074778316750
-0.018572151660919190.59092748165130620.59140279669186261791406074808262922
0.27456176280975340.31400018930435180.5820279550349271791406074838262764
0.0455231070518493650.2735325098037720.57720183537366451791406074868328446
-0.5384709239006042-0.096015930175781250.56630270257866211791406074898548106
-0.26586163043975830.384829163551330570.56459111068732811791406074928415438
-0.142977476119995120.482270836830139160.58737387826642771791406074957606377
0.05736064910888672-0.72951060533523560.51595997981306871791406074990486455
-0.30391156673431396-0.01093667745590210.59656668355795371791406075018424639
0.37100780010223390.373241484165191650.59324808699244141791406075048349454
-0.0386556386947631840.40999567508697510.58479939709941351791406075078325634
0.56166601181030270.399983108043670650.55801248266143031791406075108364301
-0.0035975575447082520.197889089584350590.59056270406886711791406075138395661
-0.7698857784271240.240989148616790770.58579394339095261791406075168461090
0.14874607324600220.40921598672866820.58117425759585981791406075198952086
-0.09279072284698486-0.26692754030227660.53382961083683261791406075230822675
0.06037181615829468-0.5898174643516540.5878451343200751791406075258473620
-0.35343986749649050.61691427230834960.5235005418216351791406075288517984
-0.38919985294342040.242011129856109620.56962181447284271791406075318506168
0.33228141069412230.42408680915832520.5881408481658171791406075348546261
-0.3327152132987976-0.144715905189514160.52975751893876671791406075378709250
-0.21354609727859497-0.374630510807037350.54943326385620511791406075408535811
0.220494747161865230.033714056015014650.58706299455761591791406075438585382
-0.40928655862808230.0301585197448730470.51417612878158271791406075470553309
0.417200088500976560.81901049613952640.57454775979841191791406075498567008
0.0365045070648193360.50265002250671390.53748794700877741791406075528533177
0.10422134399414062-0.42533218860626220.55169862394035071791406075558536039
