acc_x, acc_y, angular_z, stamp
-0.020192980766296387,0.024232566356658936,0.0005941446557686696,1791406101808048489
0.03134512901306152,-0.003969907760620117,0.00045407082454080607,1791406101840343368
0.8630580306053162,0.25270867347717285,0.02852474763893755,1791406101867779480
1.8215211629867554,0.05017268657684326,0.20095805157140068,1791406101897725443
0.7070866227149963,0.21429544687271118,0.23951509859660694,1791406101927682584
0.8843984603881836,0.08912193775177002,0.3009153404430042,1791406101957755710
-0.2715650796890259,0.15081757307052612,0.3290308114917208,1791406101987691335
-0.43419021368026733,0.07912105321884155,0.3191090874432373,1791406102017777337
-0.14227944612503052,-0.022567272186279297,0.2963760049222129,1791406102048094184
-0.3950914144515991,-0.2380428910255432,0.2778901024000165,1791406102080190992
-0.19904202222824097,0.17113232612609863,0.321610422134115,1791406102107819834
-0.12750250101089478,0.19938451051712036,0.25200181321047366,1791406102137811923
0.08860492706298828,-0.10512518882751465,0.24481773882049118,1791406102168467300
0.13467669486999512,-0.0032329559326171875,0.3551850772300528,1791406102197791315
0.04809379577636719,0.11060929298400879,0.3667274076339542,1791406102228475496
0.13385874032974243,-0.07858908176422119,0.3125978675209902,1791406102258536893
0.011118888854980469,-0.04463303089141846,0.29125647597842436,1791406102288531640
0.01149749755859375,0.09594374895095825,0.2691896491476684,1791406102320033540
-0.07125347852706909,-0.07991260290145874,0.3217987430832425,1791406102347834924
0.13035821914672852,0.17774754762649536,0.3085340281006513,1791406102378561539
-0.13403749465942383,-0.01953810453414917,0.2977068603720561,1791406102408550877
0.007452249526977539,-0.10132938623428345,0.2912428117671476,1791406102438584688
-0.14287161827087402,0.09089601039886475,0.3129798112546737,1791406102468559108
-0.05232053995132446,0.059050023555755615,0.3115462057909711,1791406102498585729
-0.14479047060012817,-0.06383156776428223,0.3223349332556184,1791406102527640581
-0.13538867235183716,0.017688632011413574,0.27934828350144486,1791406102560271234
0.22808843851089478,-0.16231203079223633,0.32005308074715305,1791406102588098454
0.012968361377716064,0.24060970544815063,0.290502204843909,1791406102618594789
-0.045327067375183105,-0.06941914558410645,0.29507632748391466,1791406102648512665
-0.1832602620124817,0.0031350255012512207,0.26496791095250394,1791406102670028495
0.147100567817688,0.1862618327140808,0.3127488632027628,1791406102708532628
-0.10601484775543213,-0.03544819355010986,0.31215194926476464,1791406102738569403
0.13449764251708984,-0.0924103856086731,0.3098722350470069,1791406102767622776
-0.19237542152404785,0.20625066757202148,0.27561242623399934,1791406102800502002
0.07683026790618896,-0.07924407720565796,0.30375181858034067,1791406102830070518
-0.06911587715148926,-0.0012429356575012207,0.3083261877317865,1791406102858579155
0.13042408227920532,0.12302488088607788,0.3097100658094694,1791406102888559439
0.03380227088928223,-0.1479976773262024,0.3037607597743394,1791406102918600005
-0.03800278902053833,0.0012794137001037598,0.304078433119718,1791406102948593068
-0.023735105991363525,0.09430760145187378,0.2961908602186479,1791406102978661742
0.025841474533081055,0.007570207118988037,0.266338278009606,1791406103008705978
-0.1530531644821167,0.08008205890655518,0.2751375142148558,1791406103040245681
0.03454887866973877,-0.08775758743286133,0.3017955351500089,1791406103070199896
0.0031512975692749023,-0.20602810382843018,0.3121151927587047,1791406103098645170
0.1867523193359375,0.21899765729904175,0.2996046409000601,1791406103128650442
0.05325210094451904,-0.0041152238845825195,0.2627129423621577,1791406103150093157
-0.035151004791259766,-0.002811133861541748,0.2800927573093213,1791406103178666244
0.1639702320098877,0.210438072681427,0.29093607017204015,1791406103208666696
-0.0022716522216796875,0.003014683723449707,0.30839626208390436,1791406103237628730
-0.11194288730621338,-0.1881103515625,0.3097601465429497,1791406103267613328
0.011086761951446533,0.18802553415298462,0.3031163797307417,1791406103298644917
0.1172560453414917,-0.053890883922576904,0.29445986408342734,1791406103328667401
-0.1990869641304016,-0.025865137577056885,0.2890613982399861,1791406103360164832
0.0557713508605957,0.1676633358001709,0.3102930783669021,1791406103390204818
-0.17102080583572388,-0.24189698696136475,0.32301603856861927,1791406103418736775
0.3445109724998474,-0.01910579204559326,0.32508690995100553,1791406103447631243
0.2651812434196472,0.19647753238677979,0.265841103666647,1791406103470823906
0.004780232906341553,-0.1261112093925476,0.3162870272229919,1791406103508658575
-0.21445512771606445,0.14289718866348267,0.29604925153165107,1791406103538816468
0.01680201292037964,0.014080703258514404,0.29119104387184125,1791406103569090001
-0.09417623281478882,-0.15678447484970093,0.28317918014692167,1791406103600019110
0.25777655839920044,0.13283061981201172,0.28180705474722567,1791406103630740422
0.04848712682723999,-0.11674505472183228,0.2996221825953084,1791406103668650924
-0.19875246286392212,0.1415833830833435,0.28176980746544167,1791406103698843618
0.028257787227630615,0.07941615581512451,0.2805249369410172,1791406103729077468
-0.11077964305877686,-0.2700837254524231,0.2729231989195878,1791406103760534867
0.04598742723464966,0.1305028200149536,0.3218874909315532,1791406103789815204
0.17268842458724976,0.14993739128112793,0.3089164808060801,1791406103818701254
0.08297866582870483,-0.2046526074409485,0.27575379232416214,1791406103848680725
-0.08511441946029663,0.1605636477470398,0.30655311597267787,1791406103878708447
-0.12206220626831055,0.04463601112365723,0.30135319358262125,1791406103908729302
-0.08905118703842163,-0.12386035919189453,0.2868557319548871,1791406103938784252
0.10821586847305298,0.0397258996963501,0.31140859875666943,1791406103968832590
0.26332199573516846,0.14965569972991943,0.28190399060293925,1791406104000328129
-0.12555670738220215,0.06267833709716797,0.2894336942560355,1791406104030896495
-0.15630143880844116,0.06756794452667236,0.34279816427420906,1791406104058883399
0.18402278423309326,0.061766088008880615,0.3189400607202198,1791406104088995116
0.2674744129180908,-0.14577233791351318,0.2873559863125574,1791406104111207165
0.19546937942504883,-0.08348971605300903,0.3272897520921382,1791406104149139098
-0.19799482822418213,0.027885258197784424,0.289392343851854,1791406104178747630
0.12007981538772583,0.21653950214385986,0.2886301954209308,1791406104208777095
-0.16338860988616943,0.025451958179473877,0.28465521340358385,1791406104239643439
0.12805354595184326,-0.1909148097038269,0.28522032057557867,1791406104271319659
0.029323935508728027,-0.01777857542037964,0.3281802058814134,1791406104308795851
0.053601741790771484,0.06496840715408325,0.2773025365345179,1791406104338816993
-0.27127259969711304,0.1685454249382019,0.28742687991614596,1791406104369169839
0.03235328197479248,0.1408442258834839,0.3018131376305804,1791406104400776678
0.09626984596252441,-0.05935239791870117,0.3034429426029656,1791406104432492600
0.11516600847244263,0.09336692094802856,0.35318837689568006,1791406104468955643
-0.11529803276062012,-0.09769898653030396,0.3010250569504446,1791406104498904026
0.00252377986907959,0.02317708730697632,0.27369057562469506,1791406104528867505
-0.24451065063476562,0.26827096939086914,0.2881828528129107,1791406104560376575
0.2892271876335144,-0.1759585738182068,0.306276962602145,1791406104590643901
-0.1213616132736206,0.12449651956558228,0.31301430221905074,1791406104628959180
0.16678494215011597,-0.10710960626602173,0.2758243545406193,1791406104658989699
-0.09561508893966675,-0.06659382581710815,0.26553587314556365,1791406104689207886
-0.100253164768219,0.22509914636611938,0.2962916529075251,1791406104720467438
0.15475302934646606,0.06171071529388428,0.3007838214281193,1791406104751448559
0.07783997058868408,-0.047777652740478516,0.32790761402995205,1791406104779166799
-0.03310590982437134,-0.10002267360687256,0.29887693271593313,1791406104809077206
0.19202786684036255,0.05199939012527466,0.2602484870528408,1791406104838914575
-0.23232662677764893,0.22626513242721558,0.25534445612907164,1791406104869076519
-0.004025697708129883,-0.012317180633544922,0.27141501061695494,1791406104899294323
-0.1381797194480896,-0.15494799613952637,0.3091315111997453,1791406104928950046
0.17810434103012085,0.06138420104980469,0.3022705395271224,1791406104960399860
0.1838807463645935,-0.14626741409301758,0.29084310058619894,1791406104992117319
-0.08571940660476685,-0.15986371040344238,0.3432392497707836,1791406105019001926
-0.052231550216674805,0.4480714201927185,0.2932669817378694,1791406105049062376
-0.31628239154815674,-0.10006439685821533,0.2522867892617697,1791406105072134600
0.04602789878845215,-0.19199997186660767,0.32825707337718224,1791406105108998240
0.03571319580078125,0.1219828724861145,0.3213099673233684,1791406105139016847
0.21984952688217163,-0.06447345018386841,0.31184678593797865,1791406105169066682
-0.2161129117012024,0.062209129333496094,0.275202014732251,1791406105200429999
0.043340861797332764,0.03587871789932251,0.27713793778792317,1791406105231664574
-0.08424180746078491,-0.1361161470413208,0.32605599404345204,1791406105269055364
-0.0020723938941955566,0.19077879190444946,0.3209315367483713,1791406105299031654
0.1578173041343689,-0.12972664833068848,0.31744304045217053,1791406105329042949
-0.1106157898902893,-0.010100960731506348,0.2699255675731185,1791406105360716593
-0.029039442539215088,0.1618829369544983,0.2696703232162897,1791406105392119204
-0.15300190448760986,-0.09578251838684082,0.3194164206492063,1791406105429330343
-0.24051213264465332,0.10164600610733032,0.31710382501177237,1791406105459133140
0.11160808801651001,-0.06445223093032837,0.2998525197273671,1791406105489110014
0.06791496276855469,-0.1964653730392456,0.27234597585764986,1791406105519615757
0.01924675703048706,0.14748042821884155,0.27606637905650155,1791406105551686215
-0.3828165531158447,0.10789883136749268,0.32044179127355277,1791406105579269447
0.19359970092773438,-0.016578078269958496,0.3080113497955852,1791406105609080483
-0.1563088297843933,0.15386074781417847,0.2832101462198734,1791406105631666517
0.38196080923080444,-0.10300612449645996,0.31891274069752723,1791406105669075599
-0.10902935266494751,-0.0068135857582092285,0.2952357259019377,1791406105699077298
-0.0684935450553894,0.1328917145729065,0.30095874824522534,1791406105729287800
-0.12054157257080078,0.017205238342285156,0.2882702159990865,1791406105760483122
-0.07476156949996948,-0.033045947551727295,0.29181838499750035,1791406105792397405
0.12581956386566162,-0.12657660245895386,0.3479741895383685,1791406105819310925
0.04948389530181885,-0.052798569202423096,0.30383254086970535,1791406105849350273
0.00928354263305664,0.0742369294166565,0.25842738183185276,1791406105872546262
0.038097381591796875,0.02065742015838623,0.3193654014174276,1791406105909149443
0.07382470369338989,-0.09172981977462769,0.2990189873349568,1791406105939120724
0.02756953239440918,0.13118982315063477,0.31099945745004337,1791406105969142274
0.14272421598434448,-0.02810966968536377,0.3010337014636976,1791406105999618333
0.032628536224365234,-0.03812110424041748,0.25887685817603956,1791406106032803837
-0.21272963285446167,0.1237342357635498,0.31499649754331677,1791406106069145329
0.16959333419799805,-0.006234109401702881,0.29164965632703,1791406106099159868
-0.08082813024520874,0.12568289041519165,0.3205397753944446,1791406106129209523
-0.09223920106887817,-0.15250569581985474,0.31058233875565566,1791406106160529961
-0.07354587316513062,-0.06154102087020874,0.2919056843142238,1791406106191691315
0.1668218970298767,0.12567603588104248,0.3261124002470602,1791406106229424115
0.1691492795944214,-0.0427667498588562,0.3085456917376157,1791406106259361581
-0.0949440598487854,0.08594846725463867,0.31523279093309853,1791406106289256056
0.1180843710899353,-0.06205940246582031,0.28936697465321476,1791406106321141045
-0.1493011713027954,-0.11815941333770752,0.27890042807786186,1791406106352205564
-0.016036391258239746,0.2545856833457947,0.3238798505914274,1791406106389250357
0.08819949626922607,-0.06380677223205566,0.2877049079536767,1791406106419444647
-0.23088395595550537,-0.11476778984069824,0.29225393035008457,1791406106449502549
-0.027905166149139404,0.10495638847351074,0.28679851185532057,1791406106480503282
0.173101007938385,-0.10166329145431519,0.26579845212218683,1791406106511686971
-0.13959980010986328,-0.05046570301055908,0.3118396183050379,1791406106539273007
0.05006891489028931,0.11602568626403809,0.2894980049401423,1791406106569596738
-0.16232573986053467,-0.011230170726776123,0.30868112467841036,1791406106599316425
-0.002417147159576416,0.08574390411376953,0.30276840021489393,1791406106629316647
-0.044359028339385986,-0.13053148984909058,0.28882086603049617,1791406106659380615
0.1441670060157776,-0.12658262252807617,0.2968220312313164,1791406106689382225
-0.10371989011764526,0.34303098917007446,0.284601024545249,1791406106721150597
-0.1653783917427063,-0.12491786479949951,0.27288185020579575,1791406106752937638
-0.018417298793792725,-0.19331294298171997,0.33010914770090516,1791406106779977731
-0.10995990037918091,0.09286516904830933,0.3171041142137042,1791406106810083234
0.20377665758132935,-0.04571503400802612,0.32634795528873894,1791406106839532469
-0.07529348134994507,0.054446637630462646,0.31117312361280314,1791406106869665266
-0.1893938183784485,-0.006475865840911865,0.30328429655769473,1791406106899736929
0.1355123519897461,-0.022851884365081787,0.30857708348898333,1791406106928632739
0.007774233818054199,0.28207623958587646,0.282833029566421,1791406106960766221
0.04098999500274658,-0.15009671449661255,0.2888487641011751,1791406106992586069
0.06222951412200928,-0.15739285945892334,0.3614008163746151,1791406107017625813
0.062447309494018555,0.20443570613861084,0.27449812153992337,1791406107049549659
0.09022843837738037,0.0068817138671875,0.272721126035983,1791406107079490699
-0.09413760900497437,-0.049024343490600586,0.28580748617344687,1791406107109517336
-0.09134644269943237,-0.008020639419555664,0.3134225883076961,1791406107139533604
0.23098033666610718,-0.0041748881340026855,0.2957439669923774,1791406107169525218
-0.12416195869445801,0.12165045738220215,0.29331069713725827,1791406107200710041
0.02851247787475586,-0.08083510398864746,0.2976598160350725,1791406107232221688
0.007268846035003662,-0.016039907932281494,0.30570803871156904,1791406107259565139
-0.22646433115005493,0.022879421710968018,0.3018610207356908,1791406107288524718
0.020925164222717285,0.001247107982635498,0.2848823566090332,1791406107318536732
0.005052447319030762,-0.10816055536270142,0.28081574747376165,1791406107349589567
0.12398499250411987,0.1314508318901062,0.3053192164864817,1791406107379564965
0.05470883846282959,0.031075239181518555,0.2972754741679271,1791406107409651572
-0.0996125340461731,-0.009213566780090332,0.2914878001041264,1791406107440722081
-0.11026257276535034,0.16235345602035522,0.3013015656836245,1791406107472721670
0.07002508640289307,-0.06358683109283447,0.3516787149507537,1791406107508627843
0.07301878929138184,0.022827625274658203,0.3063722024396703,1791406107538604821
-0.08876246213912964,0.05414271354675293,0.27874659128616064,1791406107568626738
-0.04664582014083862,0.08050483465194702,0.24340482915274456,1791406107601560995
0.03524535894393921,0.13454365730285645,0.2946219030788141,1791406107632238797
-0.20248079299926758,-0.1252308487892151,0.3238393677209759,1791406107659731393
0.19133228063583374,-0.10241901874542236,0.2935340800730911,1791406107689692680
-0.030160367488861084,0.21216368675231934,0.3116778187180398,1791406107719690958
0.21626096963882446,-0.04540693759918213,0.300213827962155,1791406107749732632
0.007646799087524414,0.28021013736724854,0.2764447298579917,1791406107779734542
-0.11328750848770142,0.007332921028137207,0.31476354552967384,1791406107809758779
-0.01624077558517456,-0.19973218441009521,0.2984625841840496,1791406107840744904
-0.12097638845443726,0.012015700340270996,0.2952891379611443,1791406107872190898
0.05107623338699341,0.10148763656616211,0.333026999237717,1791406107899928889
0.13724511861801147,-0.028629541397094727,0.29479856706429947,1791406107929776700
-0.06860828399658203,0.13517498970031738,0.3152999317522641,1791406107959801288
-0.03115612268447876,-0.012852489948272705,0.3135317988462217,1791406107989824840
0.19195175170898438,-0.16399341821670532,0.3091404882891518,1791406108019826382
-0.14666783809661865,0.11500519514083862,0.3298648326790002,1791406108049802248
0.014236688613891602,-0.0022354722023010254,0.29550282850306614,1791406108080250226
-0.06932467222213745,-0.03732949495315552,0.26973766637451496,1791406108112997170
-0.04378008842468262,0.17674249410629272,0.3330196652840565,1791406108139917073
0.06766903400421143,-0.06792539358139038,0.2844200175210883,1791406108169827310
-0.14160895347595215,-0.03925168514251709,0.2908733571219502,1791406108199843096
0.1501215696334839,0.0424191951751709,0.2903545760624423,1791406108229844374
-0.06325054168701172,-0.07718759775161743,0.28351552287996845,1791406108259882511
-0.07574647665023804,0.11824876070022583,0.29646355717197814,1791406108289961821
0.13804614543914795,0.023870229721069336,0.2844681360483847,1791406108320596684
-0.22173893451690674,-0.1755070686340332,0.28892730945010664,1791406108352273802
0.15837204456329346,0.12245899438858032,0.32881039513677557,1791406108380009595
-0.1859307885169983,-0.11172932386398315,0.2765132663079236,1791406108409947798
0.1380089521408081,-0.053742945194244385,0.27127745703266454,1791406108439969253
-0.3007970452308655,0.35542505979537964,0.3014508369382514,1791406108469976865
0.1350809931755066,-0.19775152206420898,0.31180863299736067,1791406108499977471
-0.07992935180664062,-0.2961047291755676,0.2992226125753617,1791406108529993052
0.11674821376800537,0.16678953170776367,0.28882685418234566,1791406108560724149
0.2586110234260559,0.03624767065048218,0.26741555319499916,1791406108592295259
-0.252943754196167,0.00802379846572876,0.3096743250891117,1791406108620060392
-0.012131989002227783,0.09188210964202881,0.3080126074084875,1791406108650033634
-0.19556254148483276,-0.051188886165618896,0.3089125302405996,1791406108680072498
0.032642483711242676,-0.013166725635528564,0.3047981585089506,1791406108710046242
-0.11557477712631226,-0.13486266136169434,0.29607067363576195,1791406108740094414
0.14445710182189941,-0.05983078479766846,0.2903371373524851,1791406108770077991
-0.1484673023223877,0.35321640968322754,0.2861342787315895,1791406108800327845
0.1166532039642334,-0.09195876121520996,0.2616622839982437,1791406108832726974
-0.05218851566314697,-0.12228858470916748,0.33038164020580535,1791406108860192938
-0.016243577003479004,0.07253861427307129,0.3229779806171953,1791406108890215225
-0.17603421211242676,-0.02485644817352295,0.29229704104117615,1791406108920214955
-0.10544723272323608,0.1615566611289978,0.2898722956947852,1791406108950427097
-0.05999189615249634,0.04406768083572388,0.3013121748400899,1791406108980286735
-0.21069926023483276,-0.1272236704826355,0.2994421035182954,1791406109010316172
-0.013129889965057373,0.007303178310394287,0.31155984880075926,1791406109041009848
0.06299012899398804,-0.0321078896522522,0.28435163829547594,1791406109072799990
-0.06387311220169067,-0.02518826723098755,0.31404181810172765,1791406109100228491
-0.0792967677116394,0.12733280658721924,0.30096240170620997,1791406109130159077
-0.13270604610443115,0.062885582447052,0.3038775925954375,1791406109160214193
0.14529454708099365,-0.058143556118011475,0.3109778064464076,1791406109190205555
-0.2228451371192932,-0.059323787689208984,0.3005447984513913,1791406109220387935
0.2005544900894165,-0.10741323232650757,0.28320843816185753,1791406109250257546
-0.11314278841018677,0.09251898527145386,0.2763277754260448,1791406109281080955
-0.17200422286987305,0.05783343315124512,0.2931909316527806,1791406109311722498
-0.10076916217803955,-0.11981594562530518,0.3134146875041653,1791406109340339606
0.0627526044845581,0.08136624097824097,0.30455730831421346,1791406109370250581
0.09485012292861938,-0.025852978229522705,0.3107785284481941,1791406109400249331
-0.10294198989868164,-0.03130859136581421,0.28362941668903724,1791406109430412174
0.048977792263031006,0.17273008823394775,0.2870790887428341,1791406109460305949
-0.24244213104248047,-0.1039305329322815,0.304597341724365,1791406109490322337
0.11803078651428223,-0.06791430711746216,0.2862537772910445,1791406109520781711
-0.14844465255737305,0.10301786661148071,0.2933860309089962,1791406109552377775
0.18529391288757324,-0.06440436840057373,0.30750500379365664,1791406109582417061
-0.05516231060028076,0.05644869804382324,0.3262215947052143,1791406109620394147
-0.08523672819137573,0.06483525037765503,0.32469663981462843,1791406109650400449
0.13925457000732422,-0.0867500901222229,0.30215968671483445,1791406109680428729
-0.0375099778175354,0.07793819904327393,0.2907493983880421,1791406109712893564
-0.013164520263671875,-0.02854025363922119,0.32237889705567935,1791406109742459878
0.037397027015686035,-0.10219842195510864,0.31688959774220254,1791406109770378395
-0.16873317956924438,0.2069808840751648,0.29603432749199615,1791406109800432902
-0.07472872734069824,0.05743616819381714,0.2634058776878838,1791406109822506464
-0.27626746892929077,-0.057763874530792236,0.3092411134405525,1791406109860533468
0.13139039278030396,0.012131571769714355,0.30896902084882794,1791406109890548106
-0.05220407247543335,-0.1132655143737793,0.30175879113740095,1791406109920578182
0.10419577360153198,0.02584528923034668,0.28401901689093284,1791406109952744346
-0.17637640237808228,0.21103256940841675,0.2899676220251876,1791406109982690330
0.07127493619918823,-0.1394553780555725,0.31257829773791745,1791406110020786967
0.1375739574432373,0.32008594274520874,0.30631341538425244,1791406110050473196
-0.11419892311096191,-0.18712425231933594,0.28296142238464445,1791406110080573597
0.1920100450515747,-0.15093994140625,0.26753348355689766,1791406110112417365
-0.13135194778442383,0.3872808814048767,0.2844532258605471,1791406110142586066
0.013832330703735352,-0.012993872165679932,0.30907703409001597,1791406110170557572
-0.18687772750854492,-0.10023951530456543,0.29734169025516904,1791406110200566407
0.16578292846679688,0.19321280717849731,0.27745051214870753,1791406110222870610
0.17112749814987183,-0.1262100338935852,0.3332950594561448,1791406110260725737
0.11182594299316406,0.106331467628479,0.299107010725177,1791406110290592664
0.013574302196502686,-0.009189784526824951,0.28221576406991716,1791406110321171421
-0.018231451511383057,-0.010900676250457764,0.26054832660330546,1791406110353042435
-0.11370319128036499,0.1533692479133606,0.2888353383333731,1791406110383732637
0.05454742908477783,-0.051020681858062744,0.3243661017868382,1791406110420661389
0.10181349515914917,-0.07003819942474365,0.3229667756638198,1791406110449639695
0.14030414819717407,0.11733847856521606,0.2861032804746373,1791406110480826889
-0.17038673162460327,0.01615089178085327,0.2565430198254753,1791406110512947523
-0.20853638648986816,0.02116525173187256,0.2979176999212951,1791406110543757329
-0.21594828367233276,-0.06280648708343506,0.33441887918153007,1791406110580927896
0.12534475326538086,-0.031162917613983154,0.29531592468092,1791406110610692029
0.20314401388168335,0.14812719821929932,0.30033197038454035,1791406110640188660
-0.08025020360946655,-0.008762359619140625,0.25496541143146395,1791406110672842388
-0.05982452630996704,-0.05938088893890381,0.29139044452273655,1791406110703574893
-0.1394161581993103,0.0038120150566101074,0.3550675710821389,1791406110729728161
0.02490013837814331,0.03504347801208496,0.29383498134716596,1791406110760764214
0.15064126253128052,-0.006455838680267334,0.31464833155823735,1791406110790782541
-0.011887073516845703,0.057283759117126465,0.30586094517937046,1791406110820810266
0.036870598793029785,0.05647087097167969,0.30680326075726205,1791406110850761139
-0.3268216848373413,0.2131795883178711,0.29721936656567194,1791406110880837539
0.14380723237991333,-0.23453497886657715,0.27227594915070114,1791406110912412146
-0.2814822196960449,-0.1991872787475586,0.28463308494185763,1791406110943368236
0.290550172328949,0.23692232370376587,0.31257874950915737,1791406110971009913
-0.17003655433654785,0.06687349081039429,0.2681548846917013,1791406111000948886
0.1902294158935547,-0.054450809955596924,0.28558662989305234,1791406111030918107
-0.2367457151412964,-0.1064070463180542,0.30956926386963113,1791406111061171328
0.12089121341705322,-0.10224646329879761,0.30217959375788794,1791406111091210602
0.014325499534606934,0.16184502840042114,0.29692671060332315,1791406111121119072
-0.05705207586288452,-0.0824628472328186,0.29283670643582144,1791406111152427990
-0.10057663917541504,0.04729819297790527,0.27279209470337173,1791406111183477713
0.08728480339050293,0.08177125453948975,0.31277912781480754,1791406111220952287
-0.20202261209487915,-0.13862961530685425,0.29399542765543035,1791406111251102620
0.1635684370994568,-0.06438601016998291,0.31136498079834674,1791406111280943652
-0.03074800968170166,0.15756160020828247,0.29294706492942074,1791406111312896351
0.15281879901885986,-0.03588378429412842,0.28331888382003706,1791406111344140647
-0.04919612407684326,0.17179250717163086,0.3433252141183584,1791406111381217112
-0.04533529281616211,-0.0250740647315979,0.31659593842812683,1791406111411032916
0.014452993869781494,-0.14637070894241333,0.3030404677492391,1791406111441217208
0.03346174955368042,0.1438523530960083,0.2957420069095189,1791406111472415531
0.10865336656570435,0.027967989444732666,0.2667040127267235,1791406111503993746
0.052793145179748535,0.13765865564346313,0.3068029034496604,1791406111541051783
0.0686730146408081,0.06641608476638794,0.29755973319051127,1791406111571056525
-0.07173490524291992,-0.23765575885772705,0.31035255169357717,1791406111601043674
-0.14610904455184937,0.16412758827209473,0.28903800940124225,1791406111633338077
0.30884891748428345,0.032141923904418945,0.28400605380321525,1791406111664567120
-0.3276667594909668,0.17456042766571045,0.32922023013209206,1791406111701109876
0.055916666984558105,0.010348677635192871,0.2868332700976448,1791406111731140201
-0.141696035861969,-0.22880858182907104,0.2911378764032858,1791406111761148424
-0.015394032001495361,0.1538599729537964,0.2929686938327681,1791406111792477159
-0.10844546556472778,0.11536383628845215,0.2770638977796755,1791406111824914756
-0.024612605571746826,0.10973250865936279,0.3116089623013189,1791406111861109519
-0.09979772567749023,0.15656274557113647,0.29856170583261404,1791406111891156981
0.019107401371002197,-0.14729946851730347,0.3114751628530439,1791406111921207449
-0.19691842794418335,0.004996061325073242,0.30020783015715236,1791406111952911495
0.012903988361358643,0.05467492341995239,0.29863649421251465,1791406111984922052
0.07451862096786499,-0.04194498062133789,0.31924898145082103,1791406112012104103
-0.1387648582458496,0.11197328567504883,0.287392478734138,1791406112041221745
-0.0696488618850708,-0.020901858806610107,0.28665776037975654,1791406112071326409
0.05194324254989624,-0.10387259721755981,0.3007045735109764,1791406112101230657
0.024375975131988525,0.15281063318252563,0.3081187259820851,1791406112131297856
0.02121412754058838,-0.012060284614562988,0.28648993081394397,1791406112161270700
0.16044586896896362,-0.16323822736740112,0.2671347940249211,1791406112192756393
-0.1285409927368164,0.21672868728637695,0.27959467054220105,1791406112224479540
-0.10103040933609009,0.03334510326385498,0.3203162007628972,1791406112261265930
0.17606300115585327,0.03078991174697876,0.30081996063389516,1791406112291307703
-0.02789705991744995,-0.11579042673110962,0.2851218608853017,1791406112321330362
-0.052863895893096924,-0.07435935735702515,0.26104275731155235,1791406112352452205
-0.08799231052398682,0.23781192302703857,0.27482892024270267,1791406112384780930
-0.13823622465133667,-0.05391162633895874,0.3509534483533045,1791406112411467612
0.14827555418014526,-0.10325318574905396,0.31581646810411357,1791406112441324534
0.15863770246505737,0.09164011478424072,0.32123577833060857,1791406112471325680
-0.016344010829925537,0.007051646709442139,0.303664826348843,1791406112501324086
-0.1715489625930786,-0.002980530261993408,0.29964221164284344,1791406112531350843
-0.1431969404220581,0.03515046834945679,0.29997933556984774,1791406112561383405
0.15612459182739258,-0.03752279281616211,0.2901141156079344,1791406112592960651
-0.13891440629959106,0.08694857358932495,0.2925926073259263,1791406112624860662
0.047138512134552,-0.04688429832458496,0.33637158025281094,1791406112651562693
0.08795297145843506,-0.04949396848678589,0.2805697317694568,1791406112681408923
-0.04454249143600464,0.22905880212783813,0.2870078123232382,1791406112711459110
-0.04440784454345703,-0.09290581941604614,0.29691550786089105,1791406112741419905
-0.17566299438476562,-0.15268075466156006,0.2999325485798623,1791406112771453789
0.09997063875198364,0.2004891037940979,0.30918344160438416,1791406112801451895
-0.0615156888961792,-0.1315026879310608,0.27554116130226886,1791406112832442968
0.1531428098678589,-0.08944982290267944,0.25107816410117284,1791406112864901214
-0.09671908617019653,0.39013803005218506,0.3202136132791963,1791406112891585534
-0.09416937828063965,-0.1212109923362732,0.29854414394924883,1791406112921525230
-0.24818992614746094,-0.12709450721740723,0.32148513844105286,1791406112951553437
0.07483845949172974,0.06643646955490112,0.3227991874602682,1791406112981541029
-0.08247017860412598,-0.09627562761306763,0.29452948043235044,1791406113011583639
-0.0686083436012268,0.06671351194381714,0.31385345253389885,1791406113041593457
-0.07287657260894775,0.1899011731147766,0.3059788655380855,1791406113072462614
0.0068187713623046875,-0.01268845796585083,0.28256149748863857,1791406113104945494
-0.013328731060028076,0.007887661457061768,0.35223790044476994,1791406113131747475
0.029553890228271484,-0.05684828758239746,0.280863678398423,1791406113161768331
0.06301093101501465,0.031786203384399414,0.27671492159719496,1791406113191693161
-0.04496043920516968,0.22636574506759644,0.3136382895925158,1791406113220642016
0.10328531265258789,-0.07475250959396362,0.3042366642178702,1791406113250636050
-0.12138509750366211,-0.04629349708557129,0.31344447340586074,1791406113281653623
0.009101390838623047,0.05836796760559082,0.30343249055249155,1791406113312869631
-0.05828958749771118,-0.09119915962219238,0.28576881751464034,1791406113344841539
0.06421142816543579,0.14005130529403687,0.33185129959127724,1791406113371713114
-0.21355122327804565,0.02340400218963623,0.29111938128787135,1791406113400642946
0.1333577036857605,-0.15717613697052002,0.2823034375661924,1791406113431664943
-0.14737987518310547,0.2565598487854004,0.29812218952564334,1791406113461666574
0.13265663385391235,-0.07359278202056885,0.30502185256588077,1791406113491849483
-0.2121405005455017,-0.1646409034729004,0.3030906653735219,1791406113521778491
0.11116254329681396,0.26160651445388794,0.27777439944618854,1791406113552979925
-0.13353395462036133,-0.06656187772750854,0.2741367726254229,1791406113584731723
-0.07027965784072876,0.023319721221923828,0.3389858334384137,1791406113611792434
-0.15731501579284668,0.1452040672302246,0.31428768103983,1791406113641743004
0.29971909523010254,-0.15007126331329346,0.31719228894553125,1791406113671771999
-0.00894254446029663,0.09410744905471802,0.3091794741123334,1791406113701734325
-0.023259282112121582,0.029402971267700195,0.28031471110036554,1791406113731776962
-0.14793634414672852,-0.18119657039642334,0.2846586534292095,1791406113761774050
-0.2083258032798767,0.2192854881286621,0.2967722057850777,1791406113792740115
0.16665470600128174,-0.03139209747314453,0.2814414165233505,1791406113824656287
0.14706915616989136,-0.18805402517318726,0.3262854144481037,1791406113851884290
0.006406426429748535,0.15493065118789673,0.3172593430108732,1791406113881823722
-0.3277169466018677,0.08306246995925903,0.2844519502550963,1791406113911844268
0.14743131399154663,-0.04843246936798096,0.2741923500458877,1791406113941857872
-0.29761743545532227,0.088176429271698,0.2949667594561929,1791406113971855809
0.15386343002319336,-0.11539369821548462,0.2860208731152421,1791406114001876755
-0.0717434287071228,-0.07279372215270996,0.301365264599845,1791406114031820657
0.04619652032852173,0.2164660096168518,0.2648791430483033,1791406114065023796
0.0017107725143432617,0.0644492506980896,0.3116191661297716,1791406114091929192
-0.08757013082504272,-0.031238317489624023,0.30690414665393667,1791406114120896292
-0.034996628761291504,-0.12048935890197754,0.30091878487033874,1791406114152057898
0.12252473831176758,-0.056411802768707275,0.3189787406458292,1791406114181948732
-0.14788568019866943,0.18044179677963257,0.3098046773981253,1791406114211971933
0.11221164464950562,-0.05683058500289917,0.29101579157347934,1791406114241971652
0.005567610263824463,0.002904355525970459,0.2821912289497319,1791406114272701942
0.001934647560119629,0.18663287162780762,0.3063833332430542,1791406114303635127
0.07360869646072388,-0.030270397663116455,0.33485466585008156,1791406114331984778
0.022472620010375977,-0.09917014837265015,0.30556044264812676,1791406114361970557
-0.08574891090393066,0.03534883260726929,0.3002007000872115,1791406114391978265
0.04319816827774048,0.017167747020721436,0.29070205936895965,1791406114422037390
0.029323577880859375,0.03531980514526367,0.29409832577392414,1791406114452043878
-0.21053677797317505,-0.07513350248336792,0.3124743509760959,1791406114482100339
0.42919862270355225,0.09199422597885132,0.2795109125882905,1791406114513105476
-0.20525288581848145,0.13841533660888672,0.26320713467201584,1791406114544860461
0.013714313507080078,-0.035503089427948,0.30079110666169545,1791406114572130835
-0.020863652229309082,-0.0007399916648864746,0.2811661195638372,1791406114602101747
0.04013568162918091,0.22026276588439941,0.30523415292185035,1791406114632085282
-0.2041778564453125,-0.1660846471786499,0.2982562689437451,1791406114662091568
0.3523139953613281,-0.1320907473564148,0.3014539214131826,1791406114692097078
-0.011964559555053711,0.24974662065505981,0.31980405332010253,1791406114722115417
0.07314246892929077,0.05488651990890503,0.2853101953874409,1791406114752718050
-0.28111201524734497,-0.12295264005661011,0.27756246521152794,1791406114784688950
-0.037787795066833496,0.004721105098724365,0.328755912104596,1791406114812219744
0.07958352565765381,-0.08928674459457397,0.2858625564594901,1791406114842184068
-0.11488896608352661,-0.0003044009208679199,0.29334387303737414,1791406114872204090
0.10746240615844727,0.0680132508277893,0.2932461271863364,1791406114902196125
0.06078273057937622,0.03625005483627319,0.2964774605973155,1791406114932203427
-0.10866189002990723,0.0986289381980896,0.3203430066431199,1791406114962254009
0.02600198984146118,-0.034530460834503174,0.31221642101661823,1791406114992951686
0.01979351043701172,-0.2242458462715149,0.3090625476683517,1791406115025048273
0.1042594313621521,0.22547531127929688,0.3351903941693346,1791406115052348540
-0.07459491491317749,-0.1164860725402832,0.27278841162183864,1791406115082271338
0.04003465175628662,-0.04585748910903931,0.27469594674621284,1791406115112288972
0.1001247763633728,0.25086748600006104,0.3001257633081201,1791406115142392279
-0.18266981840133667,-0.07329463958740234,0.3046489175834911,1791406115172347449
0.00822591781616211,-0.040787577629089355,0.2981581944443343,1791406115202363552
-0.08876138925552368,0.03886932134628296,0.29354368654946483,1791406115232962197
0.1610735058784485,-0.09095650911331177,0.2736116259980076,1791406115264947915
-0.03792685270309448,0.3404387831687927,0.3383253942615283,1791406115292551337
-0.02820485830307007,-0.167650043964386,0.33571069564426614,1791406115332306966
0.0201568603515625,-0.1039009690284729,0.30861245400859577,1791406115362356533
0.05370008945465088,-0.01263648271560669,0.28380462846752014,1791406115392975206
-0.17063367366790771,0.02789020538330078,0.26161414335631505,1791406115424700696
0.1093091368675232,0.25505226850509644,0.3115924093824215,1791406115452534263
-0.3196559548377991,0.01890552043914795,0.29579521375552,1791406115482448041
0.44783538579940796,-0.3000958561897278,0.3052713159947846,1791406115512440965
-0.21240782737731934,0.03141063451766968,0.32765341400088765,1791406115542439708
0.08545547723770142,0.003876030445098877,0.306083522023628,1791406115572445132
-0.279071569442749,0.032860755920410156,0.2641743748712659,1791406115602813635
0.07431536912918091,0.1383717656135559,0.2805143330539553,1791406115632762343
-0.01796334981918335,-0.003518044948577881,0.2726512791497378,1791406115665400983
0.07569289207458496,-0.05870378017425537,0.3397046145237147,1791406115692506905
-0.15109610557556152,0.006050765514373779,0.30868283246408185,1791406115722536409
0.2259799838066101,-0.018994390964508057,0.2843519119233868,1791406115752473743
0.013323426246643066,0.10037863254547119,0.2844419368409788,1791406115782512375
-0.10898512601852417,0.018046081066131592,0.3067913359681922,1791406115812499869
0.051590919494628906,-0.033045411109924316,0.31526711079406344,1791406115842543774
0.0023964643478393555,0.10261523723602295,0.3163563804702712,1791406115872955843
-0.07448959350585938,-0.024887502193450928,0.28274477037916323,1791406115904796913
-0.04809677600860596,-0.053661227226257324,0.3043646581193995,1791406115932571565
-0.07028156518936157,0.19790273904800415,0.29715483683161964,1791406115962563688
-0.05755537748336792,-0.07220697402954102,0.29918551406668153,1791406115992568762
0.07446187734603882,-0.1053277850151062,0.30873051224489306,1791406116021673149
0.13467633724212646,0.13738590478897095,0.3020450567766941,1791406116051674588
0.04638206958770752,-0.027398884296417236,0.27752282697620095,1791406116082731423
0.03401428461074829,0.1294350028038025,0.27886922453682866,1791406116113715436
-0.18335682153701782,0.15262901782989502,0.3051645397490034,1791406116144737526
0.048699378967285156,-0.10159838199615479,0.3331114616072353,1791406116172739847
0.35483282804489136,0.13807564973831177,0.31831834652450713,1791406116211706528
-0.18385565280914307,-0.0823792815208435,0.28542815594366505,1791406116242709182
0.018755555152893066,-0.09065890312194824,0.27533240826145033,1791406116272791460
-0.23212116956710815,0.2683963179588318,0.27192653027524066,1791406116305139309
0.05229395627975464,-0.10752946138381958,0.31498467263161484,1791406116332770357
-0.07264083623886108,-0.1284821629524231,0.3050901644137946,1791406116362769038
-0.01018822193145752,0.10745000839233398,0.32066551471376675,1791406116392773449
0.016742229461669922,0.016577422618865967,0.3031393148679332,1791406116422894048
0.04872804880142212,0.06634622812271118,0.3059285127028645,1791406116452828176
-0.16691118478775024,0.04346960783004761,0.29788817814882707,1791406116482816815
0.20343685150146484,-0.09129148721694946,0.2930378712475595,1791406116512810940
0.060778915882110596,-0.0025721192359924316,0.2915197921418775,1791406116544753324
-0.03917163610458374,-0.08137309551239014,0.32744053709863924,1791406116572883705
0.04983210563659668,-0.05279344320297241,0.29866939933221204,1791406116602845816
-0.1164349913597107,0.3242484927177429,0.29057376231105386,1791406116632840396
-0.006170392036437988,-0.12885963916778564,0.28933882572636,1791406116662849927
-0.05510896444320679,-0.17363858222961426,0.3102558239600742,1791406116692864841
0.09504210948944092,0.2644711136817932,0.299113633331088,1791406116722892320
-0.07888787984848022,-0.14485913515090942,0.2700690886048424,1791406116753287454
0.11133682727813721,-0.048879027366638184,0.2608107221747897,1791406116784984611
-0.07352423667907715,0.24743854999542236,0.31543690988218864,1791406116812951961
0.1521340012550354,-0.028355777263641357,0.30949784623771043,1791406116842900729
0.10284304618835449,0.14250528812408447,0.3115485523310474,1791406116872893449
-0.03015434741973877,0.010004758834838867,0.30474770204952895,1791406116902898728
0.019391179084777832,-0.22089606523513794,0.29902347565510473,1791406116932946395
-0.10132575035095215,0.24363583326339722,0.2945741819123577,1791406116962929681
-0.1222037672996521,0.05726057291030884,0.29839242075510186,1791406116992974926
0.05628484487533569,-0.09772676229476929,0.2976546560805823,1791406117024777494
-0.0833897590637207,0.11050260066986084,0.32448129561393174,1791406117054987755
0.3223409056663513,-0.11096429824829102,0.3371658285745953,1791406117083064673
-0.0673520565032959,-0.062318384647369385,0.3093228831892594,1791406117112979567
-0.11425513029098511,0.16135752201080322,0.2989803309928185,1791406117143127649
-0.030820190906524658,-0.03702402114868164,0.2895901813287471,1791406117173053608
-0.126381516456604,0.025646090507507324,0.31768482921833663,1791406117202987229
-0.013536632061004639,-0.050403475761413574,0.30954328414911264,1791406117233104598
0.0984908938407898,-0.05278891324996948,0.26946548930541836,1791406117265172831
0.07887154817581177,0.20670145750045776,0.29693650859066584,1791406117294073060
0.1020321249961853,-0.06816279888153076,0.2689042711133842,1791406117333320209
-0.07332909107208252,0.11517775058746338,0.28813410275989465,1791406117363250657
-0.05046361684799194,-0.026606619358062744,0.30414744923950987,1791406117393200901
-0.08260220289230347,-0.10553961992263794,0.2905555211162049,1791406117423747467
0.13909703493118286,0.11108696460723877,0.2917781201226552,1791406117454199709
-0.051332831382751465,0.07503342628479004,0.3011084214094735,1791406117492084029
0.02105259895324707,-0.009584248065948486,0.29167918403851717,1791406117522098764
-0.3159219026565552,-0.021130800247192383,0.27888520798309263,1791406117553130021
0.16874223947525024,-0.11322808265686035,0.2662303574481555,1791406117585204160
-0.031845808029174805,0.004067540168762207,0.30752919935431394,1791406117615761005
-0.020560264587402344,0.03004014492034912,0.32816575376527674,1791406117643177902
0.12773245573043823,-0.07272619009017944,0.2827207823423927,1791406117673153875
-0.19662457704544067,0.24756550788879395,0.2982951735993484,1791406117703175814
0.19287091493606567,-0.12263917922973633,0.30723148572798503,1791406117733171522
-0.04998356103897095,-0.22046411037445068,0.3006344821997002,1791406117763212852
0.23323440551757812,0.1978551745414734,0.2989701249114669,1791406117793283257
-0.15567684173583984,-0.08745670318603516,0.2730572390068438,1791406117824849395
-0.010254502296447754,0.004939019680023193,0.2632970822200028,1791406117855723749
-0.0408291220664978,0.18065643310546875,0.30183810726868304,1791406117883253646
0.02354419231414795,-0.22533577680587769,0.27609937275136015,1791406117913332256
-0.14510595798492432,-0.0013777613639831543,0.3136157828701637,1791406117943264256
0.03765976428985596,0.3102535605430603,0.3138648803911629,1791406117973306105
-0.12237650156021118,-0.18004053831100464,0.28199176396939774,1791406118003325295
-0.04645967483520508,-0.07366496324539185,0.3021325924046764,1791406118033317638
-0.11348235607147217,0.07808846235275269,0.301714608135136,1791406118064764474
-0.026146352291107178,-0.17812597751617432,0.29344120829097403,1791406118096372040
0.029449939727783203,0.127078115940094,0.35825733693315504,1791406118123331185
0.15604442358016968,0.17820388078689575,0.2873184289654367,1791406118153402722
-0.13985705375671387,-0.09707897901535034,0.2703690296771915,1791406118183369798
0.036243736743927,0.015314936637878418,0.28637333618184574,1791406118213372875
-0.19244635105133057,-0.14603853225708008,0.291237157888835,1791406118243407058
0.1766808032989502,-0.015489399433135986,0.30584890817584887,1791406118273419214
0.050566017627716064,0.3118743896484375,0.28130261678439894,1791406118304800457
0.1145976185798645,-0.0893406867980957,0.2742058252237555,1791406118336038224
-0.19987517595291138,-0.015533506870269775,0.3428678048579996,1791406118363446041
-0.13861674070358276,0.21954643726348877,0.29980248762963096,1791406118393439688
-0.2105926275253296,-0.18306690454483032,0.2455613634938365,1791406118416427881
-0.006876170635223389,-0.09051018953323364,0.3065848859074484,1791406118453507474
0.23947548866271973,0.17367303371429443,0.2887787659852972,1791406118482622065
-0.19860363006591797,-0.013902246952056885,0.27347330783690516,1791406118513515211
0.17883652448654175,0.1313050389289856,0.2786476335806356,1791406118545248530
-0.3230578303337097,0.02365058660507202,0.27615669553157657,1791406118576480784
0.2029598355293274,-0.16546154022216797,0.3284753186596912,1791406118603498347
-0.03784823417663574,0.17272335290908813,0.3137140770593754,1791406118633539672
-0.08438235521316528,-0.13360971212387085,0.3011452571817593,1791406118663506449
-0.16952872276306152,0.04748332500457764,0.3007446554383301,1791406118693600365
0.06291669607162476,0.14640545845031738,0.3174188211052005,1791406118723508996
-0.04929065704345703,-0.20278239250183105,0.31431554837318854,1791406118753718068
0.1619279980659485,-0.018559396266937256,0.3117822940814953,1791406118784845562
-0.00032782554626464844,0.19255977869033813,0.2829694429522095,1791406118816548224
-0.033364176750183105,-0.09318876266479492,0.30927180842640933,1791406118843589419
-0.1439671516418457,0.07028120756149292,0.3068094516440312,1791406118873663248
-0.07818728685379028,-0.025384962558746338,0.3194954891713472,1791406118903676234
0.16821426153182983,-0.09981578588485718,0.3214327001066854,1791406118932630796
0.0030304789543151855,0.08618098497390747,0.31108148933275676,1791406118962616976
0.12013202905654907,0.07232397794723511,0.2745940839421098,1791406118992646505
-0.2001117467880249,-0.06992721557617188,0.25033462896246317,1791406119025309623
-0.014667093753814697,0.07583898305892944,0.28359149407187234,1791406119057035372
-0.2542727589607239,-0.031136035919189453,0.3331021877685014,1791406119083646908
0.13670432567596436,-0.06515508890151978,0.29427229217384054,1791406119113698213
0.08675724267959595,0.06433761119842529,0.2975811358588184,1791406119143701980
0.13880270719528198,0.005693972110748291,0.2887156206956986,1791406119173720947
-0.07151919603347778,0.11504411697387695,0.28634574933812995,1791406119204398163
-0.22619765996932983,0.11628836393356323,0.3004874396372042,1791406119234448404
0.07596355676651001,-0.10127079486846924,0.29720304604079295,1791406119264865708
0.08147925138473511,-0.023654699325561523,0.29235199235638454,1791406119297027235
-0.11254727840423584,-0.05014348030090332,0.3222181882743656,1791406119324437812
-0.04676389694213867,-0.04739874601364136,0.27966892049123315,1791406119354494605
-0.036877989768981934,0.21271520853042603,0.3104622807659788,1791406119384448132
-0.08386921882629395,0.04787224531173706,0.31501755243899976,1791406119414506404
0.06723886728286743,-0.13015145063400269,0.30361993034618245,1791406119444562640
-0.03864830732345581,-0.010569274425506592,0.30516175320686223,1791406119474589301
0.1270734667778015,0.01600492000579834,0.2828043063249299,1791406119504877304
0.003521740436553955,0.17786163091659546,0.2714957157872501,1791406119536349770
0.037105560302734375,0.07442420721054077,0.32052501695068536,1791406119564387150
-0.05587923526763916,-0.18982607126235962,0.3029421710334382,1791406119594545384
0.10888046026229858,0.07472473382949829,0.3114094975110771,1791406119624414249
0.00016510486602783203,-0.004221856594085693,0.2892711440597462,1791406119654470785
0.04024374485015869,-0.050560832023620605,0.2729064295172817,1791406119684470903
-0.19567430019378662,0.16500020027160645,0.30958776978312047,1791406119713910237
0.01617354154586792,0.0313183069229126,0.29524876510636944,1791406119744944038
-0.08177822828292847,-0.012920260429382324,0.28012871195094335,1791406119777559179
0.07404983043670654,0.032492876052856445,0.351446278754358,1791406119804464961
-0.06354367733001709,-0.0011428594589233398,0.2943593333687486,1791406119834507285
0.041545569896698,0.04892539978027344,0.30113635146918705,1791406119864456123
0.0058356523513793945,0.02433192729949951,0.30791461239509915,1791406119894559689
0.038452327251434326,-0.09120988845825195,0.30980020205917275,1791406119924497695
0.042596518993377686,0.09424847364425659,0.3151104327832731,1791406119954574044
-0.008121728897094727,-0.057312190532684326,0.29102443578556225,1791406119984905963
0.08111733198165894,-0.05126005411148071,0.27664601424006646,1791406120017182564
-0.03545188903808594,0.3302268981933594,0.3351410773352925,1791406120044534373
-0.06309807300567627,-0.10544514656066895,0.28584578229654783,1791406120074518437
-0.11679357290267944,-0.2607516646385193,0.2872072958054291,1791406120104534681
0.18763458728790283,0.11895561218261719,0.2969346228916873,1791406120134577344
0.024177074432373047,0.01228266954421997,0.29297781799140626,1791406120164494224
-0.019211411476135254,0.023958206176757812,0.28258792208186934,1791406120194590817
-0.1324063539505005,0.2141149640083313,0.27596094140459143,1791406120225331883
-0.09146350622177124,-0.11771595478057861,0.26858461851749654,1791406120257509981
-0.17747747898101807,-0.04966503381729126,0.3223396723344243,1791406120284530472
0.01416248083114624,0.015993773937225342,0.2954417924803835,1791406120314548682
0.05136936902999878,-0.07079488039016724,0.2841466369263553,1791406120344556457
-0.05954927206039429,0.18436425924301147,0.2846506527175905,1791406120374135060
-0.040052711963653564,0.02168792486190796,0.2876585523481768,1791406120404116442
-0.026260793209075928,-0.12183278799057007,0.3089469420789368,1791406120434152554
-0.12882351875305176,0.16802477836608887,0.3225469293982941,1791406120465006414
0.07792377471923828,-0.03878074884414673,0.2922820793676609,1791406120497215212
0.009399116039276123,-0.15163499116897583,0.3332345818301127,1791406120524196941
0.04610532522201538,0.15068882703781128,0.31635424795761946,1791406120554154058
-0.18894529342651367,0.027691006660461426,0.2965556904368681,1791406120584134435
-0.14282113313674927,-0.011288344860076904,0.3018703318983489,1791406120614173521
-0.011604547500610352,0.014391124248504639,0.3085917820062181,1791406120644172893
0.09894341230392456,-0.04905301332473755,0.28535073067794436,1791406120674246689
0.013121843338012695,0.11470651626586914,0.2891983524104738,1791406120705247187
-0.4035227298736572,0.05005282163619995,0.26811779885210507,1791406120737792673
0.28708064556121826,-0.05069577693939209,0.3356118469872177,1791406120764267058
-0.4388877749443054,0.12061822414398193,0.318626839787027,1791406120794262440
0.2234911322593689,-0.05990779399871826,0.3140244709050709,1791406120824204942
-0.007233858108520508,-0.07062786817550659,0.32178102809640663,1791406120853260895
-0.006725490093231201,0.25603604316711426,0.2864191559745178,1791406120884227748
-0.12477290630340576,0.04578292369842529,0.2720291516731067,1791406120914265547
-0.08997493982315063,-0.07359343767166138,0.2873068464783416,1791406120943968619
-0.14293861389160156,-0.05442178249359131,0.27467369497401156,1791406120977305477
0.06633049249649048,-0.13467109203338623,0.33550959616516624,1791406121004361023
-0.02941715717315674,0.11945343017578125,0.30206345067312745,1791406121034360743
0.09126168489456177,0.19620013236999512,0.3038413359448569,1791406121064341152
0.07364797592163086,-0.043066442012786865,0.3007682594217148,1791406121094343763
-0.11124467849731445,0.02459162473678589,0.31223740316809767,1791406121124338183
-0.10028332471847534,-0.18131476640701294,0.3179117508497786,1791406121154450631
0.06289517879486084,-0.07222884893417358,0.27042083017991486,1791406121186164361
0.019438207149505615,0.19705170392990112,0.27250842903190653,1791406121217224300
0.07547718286514282,0.023860812187194824,0.3002173133448696,1791406121244470767
-0.004492580890655518,-0.08514142036437988,0.2829264187876579,1791406121274431566
-0.13779252767562866,0.18220454454421997,0.3056058239292531,1791406121304483569
0.09028446674346924,-0.10088616609573364,0.3021833012601174,1791406121334452569
0.007083714008331299,-0.042805373668670654,0.2977301445326458,1791406121364493668
-0.05866289138793945,0.18454772233963013,0.30114116260938745,1791406121394530839
0.005497753620147705,-0.016059160232543945,0.2757916397531813,1791406121424971851
-0.13684970140457153,0.0671694278717041,0.28358127832050484,1791406121457189112
-0.10762512683868408,0.06252014636993408,0.33875456631303813,1791406121484600454
0.38377511501312256,-0.13177275657653809,0.28758941287341666,1791406121514736092
-0.2080596685409546,0.12881267070770264,0.3094768192392059,1791406121543623314
0.15642046928405762,0.04416072368621826,0.287321648592725,1791406121574691745
-0.1350688338279724,0.07630449533462524,0.3173199667060939,1791406121604558672
0.01653730869293213,0.13755732774734497,0.31557297494999126,1791406121634556243
-0.15307098627090454,-0.06400853395462036,0.3035147791386428,1791406121665132167
0.07757139205932617,-0.029968738555908203,0.2899880940735209,1791406121697592895
-0.23521602153778076,0.0062634944915771484,0.3247548394239998,1791406121723624807
0.012717127799987793,-0.042793095111846924,0.26731684250387894,1791406121754590861
-0.10652631521224976,-0.05612516403198242,0.2550196623631905,1791406121777588610
-0.0312688946723938,0.0750420093536377,0.35446369886224277,1791406121803629469
0.16429120302200317,-0.1377352476119995,0.3038894698135791,1791406121833639895
0.042290449142456055,0.2662022113800049,0.28122542594911404,1791406121874679633
-0.10451662540435791,0.06572622060775757,0.27732989254540114,1791406121904985559
-0.15712517499923706,-0.14514291286468506,0.26078692144264726,1791406121937565060
-0.02492237091064453,0.15114635229110718,0.3276225066761023,1791406121964736653
0.23025071620941162,-0.16588062047958374,0.3039809317604738,1791406121994736346
-0.08752322196960449,-0.06773269176483154,0.29082546557215416,1791406122024702603
0.05062997341156006,0.2304689884185791,0.2798423059236129,1791406122054721960
-0.04349410533905029,0.0990954041481018,0.28241280319737455,1791406122084711908
-0.21701234579086304,-0.006586730480194092,0.30566318329452524,1791406122114706642
-0.14076155424118042,-0.08503013849258423,0.30109216036883846,1791406122145420360
0.3243560194969177,-0.062236487865448,0.2850613090012626,1791406122177166425
-0.024316728115081787,0.17512047290802002,0.3391586650021506,1791406122204814073
-0.19510608911514282,-0.023296236991882324,0.30562651056093804,1791406122234830324
0.19937628507614136,0.05666208267211914,0.29058571274643535,1791406122264768971
-0.26857733726501465,0.2258557677268982,0.30694740998824566,1791406122294808557
0.17120599746704102,-0.14519476890563965,0.298362861513034,1791406122324784717
-0.22267675399780273,-0.23258620500564575,0.31002619174995555,1791406122354820634
0.2173512578010559,0.16963285207748413,0.30712786351268195,1791406122385678486
0.060002803802490234,0.019510269165039062,0.27559029183388595,1791406122417107560
-0.1099538803100586,-0.035855889320373535,0.3092725237445591,1791406122444872903
-0.09712094068527222,0.04969143867492676,0.31423902488752703,1791406122474803630
0.03695690631866455,0.029064059257507324,0.3136099434932081,1791406122504828889
-0.06040382385253906,0.04320007562637329,0.3099727961105416,1791406122534853425
0.03363299369812012,-0.038704633712768555,0.288877417413384,1791406122564859196
0.07369911670684814,-0.04536384344100952,0.28114818197033026,1791406122594886873
-0.19099098443984985,0.1984993815422058,0.305359545469932,1791406122625243200
0.061520159244537354,-0.05326205492019653,0.29849915922190606,1791406122657939020
0.08921998739242554,-0.13220000267028809,0.3564519352490944,1791406122684930961
0.15870583057403564,0.17385292053222656,0.31533434501574187,1791406122714866460
-0.22733157873153687,-0.0003311038017272949,0.29334801207543637,1791406122744902342
-0.1563766598701477,0.000641167163848877,0.28660510075653955,1791406122774936902
-0.23804253339767456,0.07914143800735474,0.30390966476687437,1791406122804951000
0.2722576856613159,-0.13089513778686523,0.3021384323197141,1791406122835062069
0.0681082010269165,0.04762762784957886,0.3015754196525401,1791406122865075085
0.16027206182479858,0.12464547157287598,0.2760860438531263,1791406122897239742
0.027902662754058838,-0.040022850036621094,0.3011812242379706,1791406122925096641
-0.24494361877441406,0.1251692771911621,0.29914054197339185,1791406122954996671
-0.020654737949371338,0.006261646747589111,0.30933135990879324,1791406122985015047
-0.04131269454956055,-0.11117219924926758,0.31155377476523577,1791406123014956844
0.15590989589691162,0.08071911334991455,0.314258815202848,1791406123044997092
0.08235406875610352,-0.05646669864654541,0.2846594527741748,1791406123075033317
0.10080283880233765,-0.03246861696243286,0.2710490856041184,1791406123105548753
-0.22820574045181274,0.24872469902038574,0.2721645012591195,1791406123137182143
0.005601108074188232,-0.06051570177078247,0.3102809012920243,1791406123165131287
-0.13540363311767578,-0.09016120433807373,0.3043128147981596,1791406123195121546
0.13217294216156006,0.11985224485397339,0.3142053322689394,1791406123225131558
-0.0011962056159973145,-0.07683247327804565,0.309999492183972,1791406123255343141
0.04085111618041992,0.07656717300415039,0.3235527874542096,1791406123285128601
-0.12448650598526001,0.2282533049583435,0.31040757443922434,1791406123315161848
0.09717196226119995,-0.07992321252822876,0.3239089936384212,1791406123345193933
-0.02581256628036499,0.027850329875946045,0.3020434630628203,1791406123377224288
-0.030490875244140625,-0.12550342082977295,0.3103009407414969,1791406123405229259
-0.17153185606002808,-0.15494126081466675,0.2748422150074307,1791406123435148108
0.05393540859222412,0.3070046305656433,0.28884304281263423,1791406123465173104
-0.10485649108886719,0.01644521951675415,0.26868726058981524,1791406123487370672
0.06823736429214478,-0.2159651517868042,0.32437602519193726,1791406123525297157
0.044659554958343506,0.20257097482681274,0.3032026073972382,1791406123555253962
0.15486747026443481,-0.07822495698928833,0.289457739447816,1791406123585554064
-0.18801242113113403,0.20599687099456787,0.2621049858869525,1791406123617900268
0.15282171964645386,-0.04526907205581665,0.3268050556509763,1791406123644453739
0.03357219696044922,-0.03389924764633179,0.2804956445209533,1791406123675466067
-0.09477978944778442,0.16673213243484497,0.3007050426254806,1791406123705209103
0.0773535966873169,-0.1264432668685913,0.2865630789453102,1791406123735252952
-0.12733447551727295,-0.07708847522735596,0.2840001954573784,1791406123765264011
-0.08360832929611206,0.31189262866973877,0.295357341828327,1791406123795292409
-0.01966911554336548,-0.04770934581756592,0.28658521914039936,1791406123825333430
-0.08594053983688354,-0.12753242254257202,0.2888638485961935,1791406123857345829
0.1740991473197937,0.07385063171386719,0.3557075061859331,1791406123885412762
-0.002111375331878662,0.022297143936157227,0.3038687319897509,1791406123915267747
-0.06737387180328369,0.06303304433822632,0.2872155324663656,1791406123945313857
-0.08310717344284058,-0.006508052349090576,0.2867146990141862,1791406123975337170
-0.11478370428085327,-0.05981212854385376,0.2843693884915368,1791406124005328353
0.05246764421463013,0.11410874128341675,0.30161974550497617,1791406124035368586
0.01052248477935791,-0.02810525894165039,0.299921669490082,1791406124065732014
0.18067008256912231,-0.009772300720214844,0.2788362953860037,1791406124097499310
-0.1468113660812378,0.21908330917358398,0.29336687983207477,1791406124127968517
-0.034286558628082275,-0.09974443912506104,0.3148138854061124,1791406124155481513
-0.24056845903396606,-0.09841632843017578,0.29279288020943617,1791406124185428785
0.008755505084991455,0.11043715476989746,0.2982764887782626,1791406124215396596
-0.005125820636749268,-0.04548501968383789,0.30107402627316093,1791406124244413444
0.19501924514770508,0.008853018283843994,0.30556722588199675,1791406124274434397
-0.1732388734817505,0.15900874137878418,0.3088586893578907,1791406124304462911
0.10445535182952881,-0.051836252212524414,0.28120627526634295,1791406124336218464
-0.27031660079956055,-0.0100594162940979,0.2899445899153132,1791406124368308247
-0.04341936111450195,-0.08042120933532715,0.3609042181428535,1791406124395558538
0.10162192583084106,-0.06412768363952637,0.3174057621821234,1791406124425517987
-0.07837271690368652,0.23145949840545654,0.3080937978549007,1791406124455517945
0.05512106418609619,-0.16908323764801025,0.31318994937479955,1791406124485540386
-0.0892486572265625,0.01015472412109375,0.3039660451974224,1791406124515527154
0.20143729448318481,0.14624083042144775,0.30770404032032705,1791406124545581689
-0.09223037958145142,-0.15797269344329834,0.2671545077973506,1791406124577784457
0.1221933364868164,-0.10859012603759766,0.2804677134190169,1791406124608324997
-0.009220123291015625,0.23620736598968506,0.31641665455440926,1791406124635649399
-0.0513460636138916,-0.010556042194366455,0.2755977296323447,1791406124665569228
-0.07309365272521973,-0.018370389938354492,0.3032264771977826,1791406124694625586
-0.047228336334228516,0.05873668193817139,0.30295871987588163,1791406124724623568
-0.05661642551422119,-0.11993390321731567,0.2781153172889881,1791406124755655466
-0.05627608299255371,0.1504942774772644,0.28954149684746006,1791406124785682461
-0.14269620180130005,0.09434211254119873,0.25903688667894437,1791406124817270941
0.034262120723724365,-0.18175405263900757,0.26791835543206943,1791406124848407312
