x,y,th,stamp
-0.774723470211029,0.013277553953230381,-2.1954784967661407,1791406013064390168
-0.774723470211029,0.013277553953230381,-2.1954784967661407,1791406013112382623
-0.774723470211029,0.013277553953230381,-2.1954784967661407,1791406013160032415
-0.774723470211029,0.013277553953230381,-2.1954784967661407,1791406013209203436
-0.774723470211029,0.013277553953230381,-2.1954784967661407,1791406013256036252
-0.774723470211029,0.013277553953230381,-2.1954784967661407,1791406013304051747
-0.774723470211029,0.013277553953230381,-2.1954784967661407,1791406013352410539
-0.774723470211029,0.013277553953230381,-2.1954784967661407,1791406013415738113
-0.774723470211029,0.013277553953230381,-2.1954784967661407,1791406013464066557
-0.774723470211029,0.013277553953230381,-2.1954784967661407,1791406013512037642
-0.774723470211029,0.013277553953230381,-2.1954784967661407,1791406013560007962
-0.774723470211029,0.013277553953230381,-2.1954784967661407,1791406013609032351
-0.774723470211029,0.013277553953230381,-2.1954784967661407,1791406013656013666
-0.774723470211029,0.013277553953230381,-2.1954784967661407,1791406013704058226
-0.774723470211029,0.013277553953230381,-2.1954784967661407,1791406013751846909
-0.774723470211029,0.013277553953230381,-2.1954784967661407,1791406013815857104
-0.774723470211029,0.013277553953230381,-2.1954784967661407,1791406013863842767
-0.774723470211029,0.013277553953230381,-2.1954784967661407,1791406013912109902
-0.774723470211029,0.013277553953230381,-2.1954784967661407,1791406013960063415
-0.774723470211029,0.013277553953230381,-2.1954784967661407,1791406014009055886
-0.774723470211029,0.013277553953230381,-2.1954784967661407,1791406014056108865
-0.774723470211029,0.013277553953230381,-2.1954784967661407,1791406014104057836
-0.774723470211029,0.013277553953230381,-2.1954784967661407,1791406014152480538
-0.774723470211029,0.013277553953230381,-2.1954784967661407,1791406014215649635
-0.774723470211029,0.013277553953230381,-2.1954784967661407,1791406014264300667
-0.774723470211029,0.013277553953230381,-2.1954784967661407,1791406014312075456
-0.774723470211029,0.013277553953230381,-2.1954784967661407,1791406014360015310
-0.774723470211029,0.013277553953230381,-2.1954784967661407,1791406014409039244
-0.774723470211029,0.013277553953230381,-2.1954784967661407,1791406014456040282
-0.774723470211029,0.013277553953230381,-2.1954784967661407,1791406014504059555
-0.774723470211029,0.013277553953230381,-2.1954784967661407,1791406014552476341
-0.774723470211029,0.013277553953230381,-2.1954784967661407,1791406014616269558
-0.774723470211029,0.013277553953230381,-2.1954784967661407,1791406014664081665
-0.774723470211029,0.013277553953230381,-2.1954784967661407,1791406014712070400
-0.774723470211029,0.013277553953230381,-2.1954784967661407,1791406014761017370
-0.774723470211029,0.013277553953230381,-2.1954784967661407,1791406014808040557
-0.774723470211029,0.013277553953230381,-2.1954784967661407,1791406014856078663
-0.774723470211029,0.013277553953230381,-2.1954784967661407,1791406014904067383
-0.774723470211029,0.013277553953230381,-2.1954784967661407,1791406014952494555
-0.774723470211029,0.013277553953230381,-2.1954784967661407,1791406015015644298
-0.774723470211029,0.013277553953230381,-2.1954784967661407,1791406015047766714
-0.774723470211029,0.013277553953230381,-2.1954784967661407,1791406015112311986
-0.774723470211029,0.013277553953230381,-2.1954784967661407,1791406015161020754
-0.774723470211029,0.013277553953230381,-2.1954784967661407,1791406015208043897
-0.774723470211029,0.013277553953230381,-2.1954784967661407,1791406015256060270
-0.7749074697494507,0.01308786403387785,-2.19440369978111,1791406015304066581
-0.776699423789978,0.010544289834797382,-2.1907850797997357,1791406015352500554
-0.780260443687439,0.005731965880841017,-2.1905782438675248,1791406015400921588
-0.7848919034004211,-0.0013467431999742985,-2.189610596447027,1791406015464322250
-0.7886508703231812,-0.0063977427780628204,-2.18443742094558,1791406015512516263
-0.7921424508094788,-0.011477059684693813,-2.183659524185249,1791406015561025360
-0.7956063151359558,-0.016427628695964813,-2.1860245344405933,1791406015608044955
-0.7993955016136169,-0.021351302042603493,-2.18682087064171,1791406015656026661
-0.8033320307731628,-0.027195587754249573,-2.187683129524524,1791406015704080398
-0.8075535297393799,-0.03326406329870224,-2.1876263289069096,1791406015752458151
-0.8133270740509033,-0.04127231985330582,-2.1874882333877324,1791406015815742190
-0.8163391351699829,-0.04564831778407097,-2.1874882333877324,1791406015848107018
-0.8222028613090515,-0.05377795174717903,-2.188015821161964,1791406015912084755
-0.8266935348510742,-0.060148872435092926,-2.188015821161964,1791406015961022631
-0.8311867117881775,-0.06652010977268219,-2.187995651327263,1791406016008047591
-0.8361817002296448,-0.0733497217297554,-2.187995651327263,1791406016056027914
-0.8411588668823242,-0.08058084547519684,-2.1886828937834215,1791406016104108146
-0.8462297320365906,-0.08786598592996597,-2.189499154235072,1791406016152554989
-0.8517372608184814,-0.09561119973659515,-2.1889071375543527,1791406016201556428
-0.8589797616004944,-0.10594631731510162,-2.1889071375543527,1791406016264584907
-0.8649690747261047,-0.11411014199256897,-2.1887295912068114,1791406016312591438
-0.8709385991096497,-0.12256858497858047,-2.1883083580946243,1791406016361026355
-0.876855731010437,-0.13088500499725342,-2.186817876544441,1791406016408051495
-0.8830910325050354,-0.13962209224700928,-2.18681787654349,1791406016456029831
-0.8894583582878113,-0.14858196675777435,-2.18681787654349,1791406016504115055
-0.8958851099014282,-0.15760931372642517,-2.18681787654349,1791406016552571686
-0.9046071767807007,-0.16994498670101166,-2.1882575158749344,1791406016615780900
-0.9092538952827454,-0.17632745206356049,-2.1882575158749344,1791406016648269949
-0.9182255864143372,-0.18922165036201477,-2.1882575158749344,1791406016712171687
-0.9254680871963501,-0.19927753508090973,-2.1882575158749344,1791406016761949684
-0.9322770833969116,-0.20897631347179413,-2.188780321059296,1791406016808183010
-0.9396041631698608,-0.21904931962490082,-2.188050973047612,1791406016856314216
-0.9468318223953247,-0.22926124930381775,-2.188050973047612,1791406016904324111
-0.9544862508773804,-0.24013201892375946,-2.188050973047612,1791406016952351706
-0.9647443294525146,-0.2544596195220947,-2.187057470538044,1791406017017455015
-0.9719082117080688,-0.26450487971305847,-2.1877977856138626,1791406017063677875
-0.9792359471321106,-0.2749375104904175,-2.1882562383582567,1791406017112104738
-0.9872035980224609,-0.28584420680999756,-2.1876608722659796,1791406017162020163
-0.994846522808075,-0.29671385884284973,-2.1875093342015557,1791406017208249556
-1.0030487775802612,-0.30841195583343506,-2.1875093342015557,1791406017256178956
-1.0116267204284668,-0.3202734589576721,-2.1865622416041717,1791406017304305440
-1.0202505588531494,-0.33255672454833984,-2.1869501465612005,1791406017352434904
-1.0319039821624756,-0.3485337495803833,-2.187359927242508,1791406017415796388
-1.0403873920440674,-0.36070090532302856,-2.188634107310113,1791406017463828496
-1.0486434698104858,-0.372482031583786,-2.188634107310113,1791406017511670061
-1.057542324066162,-0.385046124458313,-2.1888942440927335,1791406017560977196
-1.066094160079956,-0.39761781692504883,-2.1893280631573466,1791406017608117646
-1.0756171941757202,-0.4108785390853882,-2.1887145569671587,1791406017656089426
-1.084936261177063,-0.4243399202823639,-2.1887145569671587,1791406017704060288
-1.094545841217041,-0.4379216432571411,-2.187589237625422,1791406017751612521
-1.107532262802124,-0.45667076110839844,-2.187340748520331,1791406017815648928
-1.1141021251678467,-0.46591925621032715,-2.1874997910267204,1791406017848172083
-1.12742018699646,-0.4845828413963318,-2.1887250297317244,1791406017912317798
-1.1378668546676636,-0.49927982687950134,-2.188586195680869,1791406017962037872
-1.1478359699249268,-0.5132544040679932,-2.188586195680869,1791406018008058953
-1.1582920551300049,-0.527863621711731,-2.1879495774267053,1791406018056039482
-1.169005036354065,-0.5433301329612732,-2.1879495774267053,1791406018104195417
-1.179892659187317,-0.558272659778595,-2.1880731813594747,1791406018152083351
-1.1943647861480713,-0.5788421034812927,-2.1889786454322793,1791406018215912852
-1.205457329750061,-0.5941758751869202,-2.1889786454322793,1791406018263667366
-1.216416835784912,-0.6099269986152649,-2.188674038007001,1791406018312301994
-1.2280359268188477,-0.6260697841644287,-2.187967490525971,1791406018361041071
-1.2390315532684326,-0.6421276330947876,-2.187967490525971,1791406018408061419
-1.2507678270339966,-0.6581696271896362,-2.1892826154147462,1791406018456052171
-1.2623060941696167,-0.6740806102752686,-2.1913128099913077,1791406018504202061
-1.2739202976226807,-0.6901741027832031,-2.192368433047232,1791406018553155880
-1.2893961668014526,-0.7118001580238342,-2.194976246193117,1791406018616204855
-1.300980567932129,-0.7280630469322205,-2.1962447670922836,1791406018664112386
-1.3132734298706055,-0.7449183464050293,-2.19820142710859,1791406018712145357
-1.3251079320907593,-0.7612593173980713,-2.199578504210556,1791406018761042553
-1.3368858098983765,-0.7773980498313904,-2.2019777110109713,1791406018808074634
-1.3487920761108398,-0.7937793731689453,-2.202831134269484,1791406018856044975
-1.3606219291687012,-0.8102463483810425,-2.20548232578326,1791406018904210191
-1.3727930784225464,-0.8267200589179993,-2.20584617318039,1791406018952498453
-1.3850398063659668,-0.8434498310089111,-2.2089438685590927,1791406019001522386
-1.3970918655395508,-0.8594139218330383,-2.2113170833967364,1791406019047725934
-1.4133375883102417,-0.8808936476707458,-2.2149676720834512,1791406019112098151
-1.4259707927703857,-0.8976640105247498,-2.2190467717541718,1791406019162044274
-1.437807321548462,-0.9132122993469238,-2.2198438502461446,1791406019208070439
-1.4500524997711182,-0.9294121265411377,-2.2235057454967078,1791406019256081247
-1.4625959396362305,-0.9456397294998169,-2.22596485967346,1791406019304218812
-1.475054383277893,-0.9618067741394043,-2.2290012979942926,1791406019351625580
-1.4915233850479126,-0.9827671647071838,-2.2320460043227666,1791406019416504565
-1.4999390840530396,-0.9936046004295349,-2.232972005304608,1791406019449084307
-1.5164988040924072,-1.014397144317627,-2.2364412318204154,1791406019511646978
-1.5296626091003418,-1.031020998954773,-2.2381029525228486,1791406019562050019
-1.5417556762695312,-1.046304702758789,-2.2414644877683423,1791406019608077221
-1.554695963859558,-1.0623618364334106,-2.243786562200219,1791406019656094742
-1.5668400526046753,-1.077582836151123,-2.247002868327827,1791406019704225319
-1.5798463821411133,-1.0933839082717896,-2.2490893719008245,1791406019752397751
-1.5969761610031128,-1.114585041999817,-2.2519619399359985,1791406019816255253
-1.605617880821228,-1.1251184940338135,-2.254138159382236,1791406019848359637
-1.6225789785385132,-1.1460602283477783,-2.257124266521755,1791406019912105069
-1.6355578899383545,-1.161946415901184,-2.2605856021363553,1791406019961781411
-1.648124098777771,-1.1769640445709229,-2.2620851544865705,1791406020008079110
-1.6608983278274536,-1.1924842596054077,-2.2636472085152257,1791406020056091525
-1.6738613843917847,-1.2079129219055176,-2.2662514602107824,1791406020104227641
-1.6872016191482544,-1.2237269878387451,-2.2686032513061143,1791406020151643386
-1.700817584991455,-1.2398180961608887,-2.2723116775406456,1791406020201798749
-1.7134599685668945,-1.254774808883667,-2.2738861512434854,1791406020247751457
-1.7312219142913818,-1.2751762866973877,-2.2765469908071703,1791406020312116953
-1.7448471784591675,-1.2912299633026123,-2.2794730347100356,1791406020362058577
-1.7575788497924805,-1.3058985471725464,-2.281196600185863,1791406020408097500
-1.7707401514053345,-1.3209716081619263,-2.2830230748484577,1791406020456108491
-1.7837543487548828,-1.3360689878463745,-2.2863198097619333,1791406020504235537
-1.7973225116729736,-1.3516063690185547,-2.289038218387952,1791406020552107146
-1.8153194189071655,-1.3717024326324463,-2.2916317384525295,1791406020615915824
-1.8241159915924072,-1.3818631172180176,-2.293072810428849,1791406020647849089
-1.8425856828689575,-1.4022656679153442,-2.296152775603435,1791406020712120754
-1.8568183183670044,-1.4182099103927612,-2.2992181172483126,1791406020762062744
-1.8698358535766602,-1.4329376220703125,-2.30260828337971,1791406020808085454
-1.8835780620574951,-1.4480230808258057,-2.3051396621899394,1791406020856093336
-1.8967342376708984,-1.462712049484253,-2.306873739709595,1791406020904246921
-1.9108498096466064,-1.4781899452209473,-2.3091048820303137,1791406020952115153
-1.9288643598556519,-1.497748851776123,-2.310845388459886,1791406021016210527
-1.9380996227264404,-1.5079631805419922,-2.3125936458335348,1791406021048122138
-1.9564989805221558,-1.5275479555130005,-2.3152450931537625,1791406021112249349
