x, y, th, stamp, 
-2.3448970317840576-1.4227198362350464-2.65555744990247031791406100316951693
-2.3448970317840576-1.4227198362350464-2.65555744990247031791406100363887435
-2.3448970317840576-1.4227198362350464-2.65555744990247031791406100413074729
-2.3448970317840576-1.4227198362350464-2.65555744990247031791406100460876910
-2.3448970317840576-1.4227198362350464-2.65555744990247031791406100509858146
-2.3448970317840576-1.4227198362350464-2.65555744990247031791406100555874820
-2.3448970317840576-1.4227198362350464-2.65555744990247031791406100603884328
-2.3448970317840576-1.4227198362350464-2.65555744990247031791406100652544115
-2.3448970317840576-1.4227198362350464-2.65555744990247031791406100701248092
-2.3448970317840576-1.4227198362350464-2.65555744990247031791406100763861335
-2.3448970317840576-1.4227198362350464-2.65555744990247031791406100812907539
-2.3448970317840576-1.4227198362350464-2.65555744990247031791406100860949493
-2.3448970317840576-1.4227198362350464-2.65555744990247031791406100908876294
-2.3448970317840576-1.4227198362350464-2.65555744990247031791406100955884856
-2.3448970317840576-1.4227198362350464-2.65555744990247031791406101004907558
-2.3448970317840576-1.4227198362350464-2.65555744990247031791406101053073764
-2.3448970317840576-1.4227198362350464-2.65555744990247031791406101100746670
-2.3448970317840576-1.4227198362350464-2.65555744990247031791406101164843975
-2.3448970317840576-1.4227198362350464-2.65555744990247031791406101213094327
-2.3448970317840576-1.4227198362350464-2.65555744990247031791406101260863459
-2.3448970317840576-1.4227198362350464-2.65555744990247031791406101309865954
-2.3448970317840576-1.4227198362350464-2.65555744990247031791406101355872536
-2.3448970317840576-1.4227198362350464-2.65555744990247031791406101404892033
-2.3448970317840576-1.4227198362350464-2.65555744990247031791406101453192341
-2.3448970317840576-1.4227198362350464-2.65555744990247031791406101501328864
-2.3448970317840576-1.4227198362350464-2.65555744990247031791406101564419959
-2.3448970317840576-1.4227198362350464-2.65555744990247031791406101612907060
-2.3448970317840576-1.4227198362350464-2.65555744990247031791406101660902268
-2.3448970317840576-1.4227198362350464-2.65555744990247031791406101709882913
-2.3448970317840576-1.4227198362350464-2.65555744990247031791406101755895683
-2.3448970317840576-1.4227198362350464-2.65555744990247031791406101804948404
-2.3448970317840576-1.4227198362350464-2.65555744990247031791406101853134679
-2.346385955810547-1.4234631061553955-2.64799218882132831791406101901359650
-2.3515288829803467-1.4262901544570923-2.63021776766047881791406101965226950
-2.3565196990966797-1.429182767868042-2.61487591678870461791406102013187070
-2.3610968589782715-1.431905746459961-2.60041204804794561791406102060897561
-2.3650739192962646-1.4340777397155762-2.5860165829176281791406102109873345
-2.368380069732666-1.4362883567810059-2.5744242460604551791406102155883561
-2.37211275100708-1.4387550354003906-2.55808629351706071791406102204897426
-2.375922918319702-1.441177487373352-2.54198690600957681791406102253152007
-2.381042242050171-1.4446982145309448-2.52332544871042371791406102316787586
-2.383589029312134-1.4465582370758057-2.51344512977235861791406102350114640
-2.38847279548645-1.4499844312667847-2.49434109351085681791406102412951449
-2.392261028289795-1.4528809785842896-2.47977344340345151791406102460901407
-2.396019458770752-1.4557273387908936-2.46469056669491861791406102509880990
-2.3994226455688477-1.4584717750549316-2.45057723302184231791406102555906663
-2.403005599975586-1.4614111185073853-2.43595946687822631791406102604922225
-2.4065070152282715-1.464464783668518-2.4217703026512331791406102653187300
-2.409850597381592-1.4674750566482544-2.40756559019940351791406102701332690
-2.4143447875976562-1.471534013748169-2.3879644669402561791406102764880128
-2.417653799057007-1.4747073650360107-2.3734513926678031791406102812925510
-2.420889377593994-1.4778473377227783-2.3592488644866321791406102860888053
-2.424060583114624-1.4810847043991089-2.3445459326776221791406102908882881
-2.427403450012207-1.4844028949737549-2.329986840826421791406102956892339
-2.430506944656372-1.4877455234527588-2.31667421372890341791406103004909565
-2.433537006378174-1.491135597229004-2.30272312118743151791406103053217937
-2.436673164367676-1.4946019649505615-2.28833068859929471791406103101025997
-2.4406418800354004-1.499138355255127-2.270330270114851791406103164911320
-2.4435067176818848-1.5026806592941284-2.25661784882127231791406103212923253
-2.4463956356048584-1.5062326192855835-2.2418402268162651791406103260941044
-2.4493112564086914-1.5098508596420288-2.22707854395144671791406103308886713
-2.4520926475524902-1.5134910345077515-2.2128446273458171791406103355912932
-2.4547369480133057-1.517207384109497-2.19791652385477441791406103404984299
-2.4574456214904785-1.5207421779632568-2.18301462540536571791406103453448182
-2.460111379623413-1.5245933532714844-2.1685018603526781791406103501359023
-2.463426113128662-1.5298316478729248-2.1495479053379821791406103564912860
-2.465825080871582-1.5336589813232422-2.1355934680219541791406103612937650
-2.468229293823242-1.5375217199325562-2.1219495001153991791406103660896971
-2.4706172943115234-1.5414981842041016-2.10831427968752561791406103708901642
-2.4727718830108643-1.545530915260315-2.09456103728918251791406103756893325
-2.4750964641571045-1.549428939819336-2.07990969463346651791406103804987520
-2.4772512912750244-1.553541898727417-2.06622569451275951791406103853399935
-2.4801223278045654-1.5590496063232422-2.04700278119759151791406103917268264
-2.4821643829345703-1.5629199743270874-2.0325076210610481791406103965445183
-2.484187602996826-1.567058801651001-2.0183118843780331791406104013097635
-2.486103057861328-1.571241021156311-2.002930164589751791406104062116587
-2.487859010696411-1.575240135192871-1.98794443933976181791406104109149943
-2.489777088165283-1.5795389413833618-1.97328763044817061791406104157003342
-2.4915616512298584-1.5838735103607178-1.9594258219181061791406104205275907
-2.4935600757598877-1.589402437210083-1.94040825198285671791406104269575743
-2.4952139854431152-1.5937498807907104-1.9261601097180391791406104317517564
-2.4967916011810303-1.5981621742248535-1.91220334799299871791406104365456723
-2.4980502128601074-1.6023637056350708-1.89703951480449851791406104412663361
-2.4995081424713135-1.6068389415740967-1.8813446896566631791406104461957700
-2.500903367996216-1.611121416091919-1.86743257974050651791406104508900411
-2.502127170562744-1.6154708862304688-1.85334823133720181791406104556904931
-2.5033254623413086-1.6197720766067505-1.8387295800359361791406104604999540
-2.5045006275177-1.6241225004196167-1.82490090251861181791406104653433224
-2.505632162094116-1.6287117004394531-1.81116682201172321791406104702220111
-2.5066123008728027-1.6330050230026245-1.79667993340271241791406104748652910
-2.5078699588775635-1.6389530897140503-1.77760457724311061791406104813532915
-2.5087571144104004-1.6433862447738647-1.76521783288908751791406104861003047
-2.5095016956329346-1.647860050201416-1.75186584853596621791406104908958482
-2.5103700160980225-1.6523525714874268-1.7369006065238131791406104956930804
-2.5111074447631836-1.6569523811340332-1.72210928442122731791406105005345761
-2.5117380619049072-1.6615921258926392-1.70784388820495741791406105053268670
-2.5122122764587402-1.665938138961792-1.69350908063094541791406105100673201
-2.5130226612091064-1.6719653606414795-1.67339809988325361791406105165441099
-2.5135068893432617-1.676736831665039-1.65943458683734061791406105212956974
-2.5138280391693115-1.6812416315078735-1.64502802808673491791406105260959776
-2.5142178535461426-1.6858010292053223-1.62970935274839321791406105308921940
-2.5145418643951416-1.69049870967865-1.61549962739750221791406105356974791
-2.5146431922912598-1.695020318031311-1.60171013824256821791406105405053628
-2.514749050140381-1.6995948553085327-1.5869613555007711791406105452714041
-2.514770269393921-1.7056095600128174-1.56829108672065991791406105516751817
-2.51477313041687-1.71030592918396-1.55421940353076641791406105565117853
-2.5146536827087402-1.7147712707519531-1.53958039347242841791406105612700209
-2.5145299434661865-1.7191357612609863-1.52495969335214831791406105660986001
-2.5143814086914062-1.7237987518310547-1.51068218137300911791406105708970611
-2.514066457748413-1.7282981872558594-1.49622263896908471791406105756940059
-2.5136966705322266-1.732711672782898-1.48133188293125431791406105805026855
-2.5133306980133057-1.7372970581054688-1.46665645786812121791406105853485119
-2.5125973224639893-1.7432459592819214-1.44776442145199451791406105917319982
-2.5119452476501465-1.7477580308914185-1.43309593691262731791406105964899401
-2.511301279067993-1.7523181438446045-1.41869432725681421791406106012713040
-2.510598659515381-1.7569844722747803-1.4049373375710981791406106060931586
-2.509791612625122-1.7614264488220215-1.39066487847489121791406106108964071
-2.5089783668518066-1.7658969163894653-1.37524625736462311791406106157075102
-2.5081450939178467-1.7703124284744263-1.3605393344694781791406106205493038
-2.5071771144866943-1.7746566534042358-1.3457400717412831791406106253485394
-2.5057404041290283-1.7806099653244019-1.32591372743554481791406106316720907
-2.5050125122070312-1.7835198640823364-1.31655662717073761791406106349362264
-2.5033719539642334-1.7894185781478882-1.29766932079349641791406106412974111
-2.5020527839660645-1.7939027547836304-1.28315903456074821791406106461973660
-2.5006673336029053-1.7981808185577393-1.26990627890700571791406106508921838
-2.499286413192749-1.8025766611099243-1.25605443392064871791406106556974834
-2.4977760314941406-1.8070529699325562-1.24153597311266071791406106605141257
-2.496232748031616-1.8112876415252686-1.22735052229792131791406106653521861
-2.4941680431365967-1.8170865774154663-1.20832418689273661791406106717035241
-2.492446184158325-1.821219801902771-1.194377245391181791406106765207470
-2.490790367126465-1.8253470659255981-1.17950552508910691791406106813438770
-2.4890499114990234-1.8297514915466309-1.16395120296537541791406106861996012
-2.487309217453003-1.8339414596557617-1.14954498152409571791406106908926026
-2.4853715896606445-1.8380974531173706-1.13502475311426651791406106957077117
-2.4834492206573486-1.8421785831451416-1.1202191256194741791406107005152486
-2.480724334716797-1.8477224111557007-1.1019648287113781791406107069574380
-2.4786088466644287-1.851860761642456-1.08822430481833871791406107116739470
-2.476414442062378-1.855965495109558-1.07359230000625241791406107165306203
-2.47416615486145-1.8601011037826538-1.05869897761484571791406107213168028
-2.4718432426452637-1.8641835451126099-1.0446100475975161791406107261950388
-2.469569206237793-1.868030071258545-1.03075919806086771791406107308944277
-2.4672064781188965-1.8718183040618896-1.0169529873999471791406107356952977
-2.464869499206543-1.8757036924362183-1.00258400901893351791406107404956017
-2.4623641967773438-1.879685640335083-0.98784403920472411791406107452954821
-2.4589080810546875-1.8848319053649902-0.96761098617536711791406107517577947
-2.457225799560547-1.8874069452285767-0.95807789531454381791406107548931576
-2.4536056518554688-1.892335295677185-0.94054592630197481791406107613218602
-2.4507839679718018-1.896050214767456-0.92602915938916691791406107661941128
-2.448028564453125-1.8996840715408325-0.91180216071959051791406107708949173
-2.4452850818634033-1.9033424854278564-0.89756477849978691791406107756954391
-2.4422767162323-1.9067784547805786-0.88317498547853851791406107804956840
-2.4392545223236084-1.9103881120681763-0.86839200294484251791406107852627783
-2.436312198638916-1.9140063524246216-0.85333550623994251791406107901706869
-2.433286666870117-1.9174363613128662-0.83907036110606651791406107949046724
-2.429089069366455-1.9219951629638672-0.81908902554487811791406108012970261
-2.425823211669922-1.9254517555236816-0.80340379387930141791406108061962264
-2.422668933868408-1.9286435842514038-0.78945060672185311791406108108948827
-2.419499635696411-1.9317573308944702-0.7754279835889511791406108156927070
-2.4163711071014404-1.9347587823867798-0.76151181699388551791406108204960103
-2.4129273891448975-1.9378676414489746-0.74775814830132881791406108252989369
-2.4081404209136963-1.9419856071472168-0.72896896545120971791406108317032566
-2.405805826187134-1.9440083503723145-0.7192660979623461791406108348988631
-2.4012303352355957-1.9480808973312378-0.70082607054685051791406108413403056
-2.3977274894714355-1.9510557651519775-0.68676483289785981791406108461947795
-2.39428448677063-1.9537255764007568-0.67237037295229751791406108509309517
-2.390669822692871-1.9566066265106201-0.65811397950470371791406108556941715
-2.3870198726654053-1.9593619108200073-0.64443190772485061791406108605013861
-2.383244037628174-1.9620507955551147-0.62991262746314941791406108652981015
-2.3795361518859863-1.9647490978240967-0.61493101890364011791406108701718268
-2.375901460647583-1.967342734336853-0.60100947561850831791406108748871671
-2.3707845211029053-1.9707444906234741-0.58255692586504871791406108813000587
-2.3668556213378906-1.973304271697998-0.56787371130161961791406108861996162
-2.362926721572876-1.9758809804916382-0.55344289394294511791406108908978520
-2.358931303024292-1.9782781600952148-0.53932942378490111791406108956961347
-2.35495662689209-1.9805899858474731-0.52489449082960881791406109005011153
-2.3508639335632324-1.9829049110412598-0.50994532040491761791406109052972460
-2.3453826904296875-1.9858962297439575-0.49114497831875091791406109117341634
-2.3426103591918945-1.9873043298721313-0.48143503847218311791406109149044573
-2.3371918201446533-1.9900761842727661-0.46181856051521181791406109212999146
-2.3330535888671875-1.9920903444290161-0.447906897914775671791406109262144148
-2.328904390335083-1.9941236972808838-0.43402729869253141791406109308955822
-2.3248016834259033-1.996036171913147-0.419619968336214731791406109356955035
-2.3207178115844727-1.9978923797607422-0.40499653271844071791406109405000875
-2.3164069652557373-1.999895453453064-0.391229226363801751791406109452986668
-2.3119797706604004-2.001575469970703-0.37635643083094641791406109502727990
-2.306413173675537-2.003671884536743-0.35742445782951291791406109565473493
-2.302119493484497-2.0052618980407715-0.342641367489665061791406109612993222
-2.2978289127349854-2.0068085193634033-0.32737463037946741791406109661003608
-2.2934579849243164-2.0082082748413086-0.312468272479676851791406109708967540
-2.2889575958251953-2.009657144546509-0.297681667952528931791406109756962632
-2.2846157550811768-2.011051893234253-0.28346660273279151791406109805119565
-2.2802507877349854-2.01224422454834-0.26942423776704561791406109853166062
-2.2757298946380615-2.0134871006011963-0.254746532551343661791406109900650386
-2.271207094192505-2.0147159099578857-0.240218740893252741791406109949331084
-2.265172004699707-2.016223907470703-0.221590633163919831791406110012659257
-2.260690450668335-2.01723051071167-0.20709768569636541791406110061101087
-2.256225347518921-2.0182645320892334-0.193439647692798781791406110108984712
-2.251725196838379-2.0191714763641357-0.1796752530544131791406110157020189
-2.2471814155578613-2.0198988914489746-0.165434053597693641791406110205043966
-2.2427995204925537-2.020573616027832-0.150604596684987351791406110252983237
-2.2382168769836426-2.02140736579895-0.136096162111617041791406110300783090
-2.2319841384887695-2.022143602371216-0.117617791268966521791406110366172877
-2.2274863719940186-2.0225465297698975-0.103797198462817111791406110412995733
-2.222888231277466-2.023080825805664-0.089019316685671761791406110461019798
-2.218193292617798-2.0233540534973145-0.075454051561271341791406110509017000
-2.2134885787963867-2.023630380630493-0.060725068989993911791406110556985134
-2.209057092666626-2.0237982273101807-0.046344663297434831791406110605278816
-2.20455002784729-2.023977279663086-0.032236979513463981791406110653485866
-2.1983535289764404-2.024231195449829-0.0132617551200254181791406110717148369
-2.1952476501464844-2.0242655277252197-0.00335809884918519171791406110750505360
-2.1890594959259033-2.02431178092956540.016154775564873511791406110813230180
-2.184377431869507-2.0242052078247070.0307733969544009351791406110860981811
-2.1798341274261475-2.0239541530609130.0447630635409489441791406110909137241
-2.1752936840057373-2.02382874488830570.058756088697251321791406110957192527
-2.1705381870269775-2.0234496593475340.072195497551513531791406111006412660
-2.1659739017486572-2.0229866504669190.086272897411075051791406111053014546
-2.159818172454834-2.0224680900573730.105557659736946631791406111117572494
-2.156764268875122-2.0221390724182130.115175701813071371791406111149144578
-2.150677442550659-2.0213956832885740.133706527425811931791406111213069414
-2.146211862564087-2.0207846164703370.148004556235399961791406111261158436
-2.1417129039764404-2.0201818943023680.16289093182732611791406111309303037
-2.1371920108795166-2.01941037178039550.17741851529807891791406111357028243
-2.1326892375946045-2.0185596942901610.192710643575362331791406111405299277
-2.128178119659424-2.01773643493652340.207788213960698631791406111454024903
-2.1221277713775635-2.0165641307830810.225845237843531251791406111517326020
-2.1191792488098145-2.0158407688140870.235164324959293071791406111549227246
-2.1129729747772217-2.0143082141876220.255093965609462571791406111613846207
-2.108590602874756-2.01315617561340330.269214959292720271791406111660978478
-2.104097843170166-2.011901855468750.283495057425777851791406111709052992
-2.099745273590088-2.0104835033416750.297452151223606131791406111757020405
-2.0953831672668457-2.00926256179809570.31198079166280031791406111805124888
-2.0911014080047607-2.0079085826873780.32574245572987161791406111853057309
-2.0854783058166504-2.00591278076171880.3451257227642321791406111917493092
-2.0825979709625244-2.00494742393493650.35525347364728421791406111948711430
-2.0768239498138428-2.00275492668151860.37453543206656041791406112013183406
-2.0725910663604736-2.00097084045410160.388223063821036661791406112061231432
-2.0684664249420166-1.9992840290069580.402620663594187741791406112109113049
-2.0642666816711426-1.99748182296752930.416614757952742661791406112156979296
-2.0597593784332275-1.99552285671234130.430797211975659071791406112206167069
-2.055675983428955-1.99350440502166750.444609744644661351791406112253030638
-2.05018949508667-1.99094021320343020.46339740561173471791406112316841457
-2.0473294258117676-1.9896064996719360.472240595271221791406112349315137
-2.04182505607605-1.98675394058227540.491909909951460941791406112414149790
-2.037898540496826-1.98461019992828370.50685839881496491791406112461120876
-2.0338218212127686-1.98235356807708740.52154546891309881791406112509139528
-2.029794692993164-1.97997319698333740.53598819676767771791406112557022651
-2.025754690170288-1.97752213478088380.55097904347812941791406112606153335
-2.0218305587768555-1.97508847713470460.56540744693593871791406112654093315
-2.0180227756500244-1.97257149219512940.57875744982405391791406112701257460
-2.012953042984009-1.96912288665771480.59774699113977261791406112765080952
-2.0090720653533936-1.9664540290832520.61256313969971551791406112814167490
-2.0053675174713135-1.96377384662628170.62554318104705521791406112861029524
-2.0016818046569824-1.96097230911254880.6394216482948831791406112908999594
-1.9980605840682983-1.9582707881927490.65465007746844481791406112957010114
-1.9945173263549805-1.95550477504730220.66938946238547991791406113005135146
-1.9909412860870361-1.95270037651062010.6846987808838041791406113054065445
-1.9875693321228027-1.94981944561004640.69919646165292581791406113101414788
-1.9840800762176514-1.94689869880676270.71342080784041331791406113149243953
-1.9793378114700317-1.94279670715332030.7322853426968721791406113214310789
-1.9760396480560303-1.93970596790313720.74684870471736861791406113261029051
-1.9727377891540527-1.93655896186828610.76190062922122371791406113308996930
-1.9693772792816162-1.93340063095092770.77636569939151841791406113356991626
-1.966050386428833-1.93011832237243650.79018104012218851791406113405188307
-1.9628617763519287-1.92679667472839360.80457407892430131791406113454113656
-1.9598400592803955-1.92353069782257080.81889538524793471791406113501202704
-1.9566696882247925-1.92016875743865970.83301486598026441791406113549138597
-1.9525444507598877-1.9155411720275880.85244697955073471791406113614026760
-1.9496995210647583-1.91221094131469730.86723238794858641791406113661044197
-1.9467061758041382-1.90874755382537840.88188089510715231791406113709035568
-1.943809151649475-1.90518116950988770.89558426590892161791406113756996407
-1.9409536123275757-1.90163862705230710.9100339471445591791406113805145897
-1.9381946325302124-1.89792120456695560.92471488676173691791406113854100200
-1.9354499578475952-1.89412403106689450.93889452851998011791406113900870459
-1.9328824281692505-1.89043080806732180.9523936442746841791406113949228540
-1.9293140172958374-1.88536334037780760.97133639898617461791406114013676636
-1.926731824874878-1.88166725635528560.98541468226730181791406114061069396
-1.9243223667144775-1.87780010700225830.99913095006291291791406114108994999
-1.9219121932983398-1.87399816513061521.01382463520044961791406114157030832
-1.9194117784500122-1.87005543708801271.02883724764442671791406114204997667
-1.9171016216278076-1.86617541313171391.0431240944282371791406114254122437
-1.9148941040039062-1.8622635602951051.057593096323961791406114301300285
-1.9126120805740356-1.85824179649353031.07255734055290231791406114349366770
-1.9095638990402222-1.85266411304473881.09195513865293851791406114414034632
-1.907559871673584-1.84852981567382811.10599436350304781791406114461052674
-1.9054954051971436-1.844461202621461.12023769024165861791406114509012809
-1.9034721851348877-1.84040999412536621.13361609778058651791406114557004928
-1.9015865325927734-1.83618474006652831.14711919073397931791406114605204439
-1.8997901678085327-1.83194363117218021.1618715759170331791406114654030991
-1.8980262279510498-1.82779717445373541.17627393413867541791406114700869969
-1.8962492942810059-1.82356476783752441.19073010413992281791406114749101208
-1.8940492868423462-1.81784951686859131.21008431050791731791406114814423006
-1.892359733581543-1.81374132633209231.22370145769509041791406114861003214
-1.8908195495605469-1.8095047473907471.2377795521810181791406114909058537
-1.88937246799469-1.8051619529724121.25266323008412961791406114957005942
-1.8879672288894653-1.80080902576446531.26820397185537881791406115005181861
-1.886535882949829-1.79625153541564941.28333393072522121791406115054230950
-1.885335922241211-1.79188501834869381.29626461123624061791406115101090697
-1.8841429948806763-1.78732728958129881.31051599383041871791406115149087348
-1.8825846910476685-1.78122973442077641.33034580703895161791406115215390850
-1.8815699815750122-1.77695429325103761.34391272253387141791406115261106096
-1.880632758140564-1.7725150585174561.35926115840488611791406115309058881
-1.879685640335083-1.7681765556335451.37450902090590171791406115357017653
-1.8788188695907593-1.76352870464324951.38837680997861671791406115405009910
-1.8780039548873901-1.75888323783874511.40268926460614931791406115455057163
-1.877471923828125-1.75472474098205571.4164269984681691791406115501201351
-1.876778483390808-1.750079631805421.43177448010856171791406115549128019
-1.875880479812622-1.74380981922149661.45045222233162251791406115615063778
-1.8754231929779053-1.73956203460693361.46386781784217311791406115661033892
-1.8748494386672974-1.73507177829742431.47860089184224751791406115709027888
-1.8743935823440552-1.73055279254913331.49248726116994161791406115757059297
-1.8740969896316528-1.72578144073486331.50673038213970711791406115805045509
-1.8738678693771362-1.7210810184478761.52253384407899951791406115855040392
-1.8736025094985962-1.7166925668716431.5365719032347671791406115901240028
-1.8734691143035889-1.71211445331573491.55045387128321591791406115949124508
-1.873504877090454-1.70597863197326661.5701783099815561791406116015051982
-1.8735296726226807-1.70152103900909421.58390371614140761791406116061074549
-1.8736002445220947-1.69686353206634521.597534236290681791406116109049790
-1.87373948097229-1.69229531288146971.61256673310580981791406116157068242
-1.8739502429962158-1.6873999834060671.6278500849499361791406116206043389
-1.8743420839309692-1.68256938457489011.64193696331832781791406116255041614
-1.8748035430908203-1.678060770034791.655135277805351791406116300681126
-1.8752740621566772-1.6735779047012331.66932393608306941791406116349165743
-1.8759335279464722-1.6674159765243531.68988112454898781791406116415576046
-1.876404047012329-1.6631385087966921.70387855914153771791406116461072914
-1.8770965337753296-1.65885388851165771.71808207849039051791406116509041441
-1.8778210878372192-1.65428614616394041.7328282865033111791406116557033225
-1.878738522529602-1.64944255352020261.74753489321139481791406116606066279
-1.879703164100647-1.64498949050903321.76147078877918451791406116654044017
-1.8808234930038452-1.63937211036682131.78049266995256981791406116716712860
-1.8815727233886719-1.6363382339477541.78945241023556581791406116749364632
-1.88295578956604-1.63023090362548831.80834452153800561791406116815055853
-1.8840055465698242-1.6260901689529421.82256124878217651791406116861079581
-1.8852014541625977-1.62170290946960451.83721494369266551791406116909161494
-1.8863574266433716-1.61725533008575441.85148519751084171791406116957034773
-1.8878343105316162-1.61278140544891361.86629642662211471791406117006030616
-1.8891767263412476-1.60855841636657711.8814438898533791791406117053401255
-1.8909573554992676-1.60271382331848141.90141132834973251791406117117364242
-1.8920639753341675-1.59979760646820071.91088026497898761791406117149162824
-1.8942359685897827-1.5939188003540041.93086429874852141791406117214076279
-1.8957923650741577-1.58981025218963621.9447671248797761791406117261049127
-1.8974547386169434-1.58560943603515621.9581522148310081791406117309189096
-1.8992061614990234-1.58143961429595951.97147964139927031791406117357051414
-1.9012224674224854-1.57701826095581051.9862863254971731791406117406064672
-1.903048038482666-1.57280170917510992.00032636016308631791406117454115183
-1.9056768417358398-1.5672668218612672.0186881510325261791406117517035096
-1.9071381092071533-1.56450283527374272.0276591484922591791406117548755869
-1.909698247909546-1.5593850612640382.04672963710061851791406117613593544
-1.9118572473526-1.55536246299743652.0607819882137271791406117661047099
-1.9140251874923706-1.55136919021606452.07504720974287161791406117709246297
-1.9161986112594604-1.5474407672882082.0895997555902731791406117757044409
-1.9186460971832275-1.54320859909057622.10418078027709271791406117806036610
-1.9210033416748047-1.53933513164520262.11718474701069951791406117853185341
-1.9235033988952637-1.53546798229217532.1304268193652621791406117901065537
-1.9259856939315796-1.53151345252990722.1451016516642191791406117949266248
-1.928511619567871-1.52771627902984622.15933512130898641791406117997080844
-1.9320682287216187-1.52264237403869632.17895224253576641791406118061053024
-1.9345924854278564-1.51897990703582762.19405490691919351791406118109058943
-1.9372804164886475-1.51535022258758542.20812270211303831791406118157069286
-1.9401731491088867-1.5116412639617922.222160031271791791406118207077577
-1.9428929090499878-1.50817942619323732.23570448355152561791406118253078835
-1.945616364479065-1.50455105304718022.2499813116421741791406118301024361
-1.948577880859375-1.50099968910217292.2642535429940161791406118349232319
-1.9526255130767822-1.49634540081024172.2832107707964981791406118413442268
-1.9554479122161865-1.49298083782196042.2968450503972151791406118461154407
-1.9585800170898438-1.4895852804183962.31037492606142971791406118509065201
-1.9617681503295898-1.48623335361480712.3243255220661291791406118557064209
-1.9650062322616577-1.48278844356536872.33910701087833761791406118607486372
-1.968172550201416-1.4795370101928712.3535475738922571791406118654179025
-1.9725005626678467-1.47547519207000732.37289466426896031791406118716783042
-1.974634051322937-1.47344064712524412.38303793963251961791406118749249803
-1.9791172742843628-1.4691610336303712.40313725620499331791406118814277075
-1.9826009273529053-1.4661713838577272.41690207643821561791406118862221773
-1.985953688621521-1.46310567855834962.43194634323707431791406118910206749
-1.989325761795044-1.46004891395568852.44718668948905461791406118958192772
-1.9929254055023193-1.45710194110870362.46052268350949531791406119007500924
-1.996477723121643-1.45429039001464842.4744005382840581791406119054040489
-2.001211404800415-1.45070624351501462.4928538865557741791406119117220554
-2.0036935806274414-1.44884741306304932.5022395065178341791406119149227209
-2.0087993144989014-1.44515764713287352.521332235720531791406119214084952
-2.0123939514160156-1.44276297092437742.5354020325238341791406119261071765
-2.0160233974456787-1.4401574134826662.55015086514491251791406119309077419
-2.0199084281921387-1.43763303756713872.56395477591676931791406119357298989
-2.02402925491333-1.43502163887023932.5795770903953841791406119407450401
-2.0278091430664062-1.43260967731475832.5939482959072321791406119454143857
-2.0315799713134766-1.4302190542221072.6077399024509181791406119501320814
-2.0355069637298584-1.42800641059875492.62170168277118651791406119549252172
-2.0410399436950684-1.42494869232177732.641507682585281791406119614353771
-2.045051336288452-1.422700285911562.65513088118044351791406119661559296
-2.0492870807647705-1.42057561874389652.6691270684444651791406119709075815
-2.0533132553100586-1.4185464382171632.683676741784021791406119757072575
-2.0576515197753906-1.416464090347292.6992182740478311791406119807559483
-2.06160569190979-1.41460263729095462.71320174728519351791406119854346767
-2.0670673847198486-1.4122959375381472.7325970991104031791406119917235419
-2.0698153972625732-1.41109728813171392.7426261941310511791406119949277393
-2.075563430786133-1.40875315666198732.7620430119783391791406120014204139
-2.0797698497772217-1.40713322162628172.77600980477633061791406120061140300
-2.0838823318481445-1.4055905342102052.78990273742049631791406120109245886
-2.0882441997528076-1.40398085117340092.8040097161539741791406120157121758
-2.0927577018737793-1.4023909568786622.81819798230630921791406120207235809
-2.096992015838623-1.40109932422637942.83167911805480751791406120254194058
-2.101227045059204-1.3997991085052492.84543893876128661791406120300628108
-2.1055760383605957-1.39847028255462652.8591709295818151791406120349344539
-2.1114182472229004-1.3968951702117922.87791801687023031791406120414213653
-2.1157302856445312-1.39564239978790282.89338520275267851791406120462079591
-2.119992256164551-1.39450490474700932.90794680763086081791406120509073419
-2.1244113445281982-1.39343643188476562.9228143627257031791406120557099435
-2.1291182041168213-1.39245700836181642.93748976956004041791406120606183872
-2.1333625316619873-1.39157867431640622.95197796120280881791406120654087588
-2.139303684234619-1.39024484157562262.97052240389689141791406120717277843
-2.1423394680023193-1.38979208469390872.979881744014781791406120749348721
-2.1485023498535156-1.3888645172119143.00016116055268831791406120814298844
-2.152960777282715-1.38817000389099123.01496815843769151791406120861096079
-2.157470226287842-1.3876013755798343.02832627052026741791406120909088151
-2.1620140075683594-1.38718390464782713.04223750850443771791406120957085022
-2.166614294052124-1.3867787122726443.05702090493339671791406121006254490
-2.1710586547851562-1.38626646995544433.07158730743008231791406121054166515
-2.1755800247192383-1.38595628738403323.08582972812561661791406121101592943
-2.18178391456604-1.3855447769165043.10625553086226121791406121167277596
-2.1863322257995605-1.38538432121276863.11956787229284951791406121214238180
-2.1908679008483887-1.38538265228271483.1325850503805021791406121261093137
-2.195464849472046-1.3853800296783447-3.1361801628153321791406121309096245
-2.200077533721924-1.3852925300598145-3.12183523061916721791406121357088462
-2.2049803733825684-1.3853416442871094-3.1070959523252311791406121407139431
-2.209515333175659-1.3855596780776978-3.0931062647641831791406121454388072
-2.2153828144073486-1.3858001232147217-3.0742533199221881791406121518266462
-2.2183616161346436-1.3859602212905884-3.0649793042851371791406121549354551
-2.2247252464294434-1.3864753246307373-3.0446750934336911791406121614532353
-2.229290723800659-1.386925220489502-3.03001857633435771791406121661148737
-2.233877420425415-1.3872624635696411-3.01552464202999771791406121709161928
-2.2384865283966064-1.3877930641174316-3.00177642593671351791406121758176132
-2.24306058883667-1.388464331626892-2.98693677981032831791406121807189601
-2.2475574016571045-1.3891083002090454-2.9730512925086881791406121854177460
-2.2520945072174072-1.3898388147354126-2.95992353407147051791406121901390970
-2.256582498550415-1.3906642198562622-2.9461255020543291791406121949370721
-2.262824773788452-1.392035961151123-2.92678141592787751791406122014097260
-2.267271041870117-1.3930537700653076-2.9132335176143621791406122062369535
-2.271479845046997-1.3940489292144775-2.8993232461788211791406122109304065
-2.2758545875549316-1.3951648473739624-2.88436078681065441791406122158283475
-2.2805287837982178-1.396342396736145-2.8692088122092981791406122206928098
-2.2849783897399902-1.3975869417190552-2.8552060080834271791406122254306024
-2.289247512817383-1.3989269733428955-2.8407028242360471791406122301976989
-2.29339337348938-1.4002258777618408-2.8263373203167251791406122349362337
-2.299531936645508-1.4022167921066284-2.8067266301294151791406122414120754
-2.3038461208343506-1.4038034677505493-2.79242579943755141791406122462371220
-2.30800461769104-1.4053069353103638-2.777736192724871791406122509194653
-2.31237530708313-1.4069842100143433-2.76302642682889981791406122558232870
-2.316781997680664-1.4086899757385254-2.7488524947912261791406122606633109
-2.3208377361297607-1.410489559173584-2.73387024930014371791406122654379929
-2.325075626373291-1.412266731262207-2.7185573364118681791406122702324204
-2.329317331314087-1.4141819477081299-2.7042852101792481791406122749861574
-2.3348543643951416-1.4167935848236084-2.68517695968262161791406122814377707
-2.3389382362365723-1.4187592267990112-2.6707072561199651791406122862318369
-2.3429622650146484-1.4207689762115479-2.65675350759431161791406122910565273
-2.3470654487609863-1.4229463338851929-2.64258265490511151791406122958332601
-2.3510255813598633-1.4252480268478394-2.62743341721502641791406123006739091
-2.3550100326538086-1.4275133609771729-2.61294280330425631791406123054481886
-2.3590455055236816-1.429868221282959-2.59949540389587771791406123102150642
-2.3629050254821777-1.4322786331176758-2.58573159232013871791406123150474845
-2.3680617809295654-1.4355605840682983-2.5662783743942851791406123214468846
-2.371906042098999-1.4380581378936768-2.55119985572143951791406123262445686
-2.3756802082061768-1.4406180381774902-2.5360474064092191791406123310461663
-2.379540205001831-1.443267822265625-2.52053308438968761791406123358447518
-2.383436679840088-1.44600248336792-2.5059519411071161791406123407386902
-2.38710355758667-1.4485907554626465-2.4927061115451751791406123454196287
-2.3906214237213135-1.4514858722686768-2.47831978271531871791406123501813349
-2.3942558765411377-1.454298973083496-2.46368696044218761791406123549768827
-2.3991143703460693-1.4581661224365234-2.4451903805418881791406123614584187
-2.4025580883026123-1.4611262083053589-2.43130012643834051791406123661674401
-2.406015396118164-1.4640856981277466-2.41718488775178741791406123710009300
-2.4094061851501465-1.4670989513397217-2.4034716281180351791406123758121077
-2.412849187850952-1.470233678817749-2.3891658933011781791406123807137277
-2.416013717651367-1.4732824563980103-2.3749139000401331791406123854137880
-2.419393301010132-1.4763652086257935-2.35963725653276721791406123901752265
-2.422645092010498-1.4796640872955322-2.345612311642881791406123950478431
-2.4267919063568115-1.4841278791427612-2.32720043960021041791406124014175478
-2.429996967315674-1.487514853477478-2.31270794648333761791406124062184846
-2.433182954788208-1.4909234046936035-2.2984203019817051791406124110233276
-2.4362401962280273-1.494418978691101-2.2847203918121881791406124157185610
-2.439357042312622-1.4980145692825317-2.2702740769725141791406124206256760
-2.4423820972442627-1.5013842582702637-2.25600777494540461791406124254580942
-2.445345640182495-1.5050437450408936-2.2410881251424181791406124302377414
-2.448129892349243-1.5085960626602173-2.22683144870624171791406124350294022
-2.4517993927001953-1.513399600982666-2.20632460096704451791406124414059743
-2.4544811248779297-1.5170871019363403-2.1915235632710551791406124462254105
-2.457040786743164-1.5207159519195557-2.1766109463654271791406124510120048
-2.459671974182129-1.5244543552398682-2.16214464494103131791406124558275760
-2.4622092247009277-1.5282714366912842-2.14834357895813131791406124606408959
-2.4646077156066895-1.5322071313858032-2.13482905426388041791406124654192106
-2.4678268432617188-1.5376182794570923-2.1160192683074481791406124717689624
-2.469358205795288-1.5402086973190308-2.10689402381371791406124749899965
-2.4723424911499023-1.5454164743423462-2.08882666187130141791406124814432307
